指数,年月,地域,カテゴリ,数値,単位
指数,2026年6月,全国,0001 総合,113.6,
指数,2026年6月,全国,0002 食料,128.6,
指数,2026年6月,全国,0003 穀類,146.3,
指数,2026年6月,全国,0004 米類,195,
指数,2026年6月,全国,1001 うるち米Ａ,194.1,
指数,2026年6月,全国,1002 うるち米Ｂ,195.5,
指数,2026年6月,全国,0005 パン,124.7,
指数,2026年6月,全国,1021 食パン,125.8,
指数,2026年6月,全国,1022 あんパン,120.5,
指数,2026年6月,全国,1023 カレーパン,131,
指数,2026年6月,全国,0006 麺類,122.8,
指数,2026年6月,全国,1031 ゆでうどん,130,
指数,2026年6月,全国,1041 そうめん,114.3,
指数,2026年6月,全国,1042 スパゲッティ,124.2,
指数,2026年6月,全国,1051 カップ麺,123.6,
指数,2026年6月,全国,1052 中華麺,119.7,
指数,2026年6月,全国,0007 他の穀類,148.5,
指数,2026年6月,全国,1071 小麦粉,134.9,
指数,2026年6月,全国,1081 もち,165.9,
指数,2026年6月,全国,1090 シリアル,132,
指数,2026年6月,全国,0008 魚介類,138.3,
指数,2026年6月,全国,0009 生鮮魚介,138.8,
指数,2026年6月,全国,1101 まぐろ,133.4,
指数,2026年6月,全国,1102 あじ,126.6,
指数,2026年6月,全国,1103 いわし,133.1,
指数,2026年6月,全国,1104 かつお,132,
指数,2026年6月,全国,1106 さけ,146.3,
指数,2026年6月,全国,1107 さば,152.8,
指数,2026年6月,全国,1108 さんま,140.4,
指数,2026年6月,全国,1110 たい,123.4,
指数,2026年6月,全国,1111 ぶり,144.3,
指数,2026年6月,全国,1112 いか,149.1,
指数,2026年6月,全国,1113 たこ,156.4,
指数,2026年6月,全国,1114 えび,112.6,
指数,2026年6月,全国,1131 あさり,139.3,
指数,2026年6月,全国,1133 ほたて貝,195.1,
指数,2026年6月,全国,0010 塩干魚介,142.7,
指数,2026年6月,全国,1141 塩さけ,150.3,
指数,2026年6月,全国,1142 たらこ,121.1,
指数,2026年6月,全国,1143 しらす干し,151.3,
指数,2026年6月,全国,1144 干しあじ,138.2,
指数,2026年6月,全国,1146 煮干し,158.9,
指数,2026年6月,全国,1150 ししゃも,140.7,
指数,2026年6月,全国,1167 いくら,156.3,
指数,2026年6月,全国,0011 魚肉練製品,133.6,
指数,2026年6月,全国,1151 揚げかまぼこ,130.7,
指数,2026年6月,全国,1152 ちくわ,132.1,
指数,2026年6月,全国,1153 かまぼこ,136.5,
指数,2026年6月,全国,0012 他の魚介加工品,134.8,
指数,2026年6月,全国,1161 かつお節,145.8,
指数,2026年6月,全国,1165 魚介漬物,143.4,
指数,2026年6月,全国,1166 魚介つくだ煮,126.7,
指数,2026年6月,全国,1173 魚介缶詰,125.8,
指数,2026年6月,全国,0013 肉類,126.6,
指数,2026年6月,全国,0014 生鮮肉,129.1,
指数,2026年6月,全国,1201 牛肉（国産品）,117.7,
指数,2026年6月,全国,1203 牛肉（輸入品）,153.8,
指数,2026年6月,全国,1211 豚肉（国産品）,130.6,
指数,2026年6月,全国,1214 豚肉（輸入品）,127.8,
指数,2026年6月,全国,1221 鶏肉,124.2,
指数,2026年6月,全国,0015 加工肉,115.9,
指数,2026年6月,全国,1252 ハム,119.3,
指数,2026年6月,全国,1261 ソーセージ,108.2,
指数,2026年6月,全国,1271 ベーコン,125.3,
指数,2026年6月,全国,1292 味付け肉,123.7,
指数,2026年6月,全国,0016 乳卵類,130.4,
指数,2026年6月,全国,0017 牛乳・乳製品,126.3,
指数,2026年6月,全国,0018 牛乳,125.6,
指数,2026年6月,全国,1303 牛乳,125.6,
指数,2026年6月,全国,0019 乳製品,126.8,
指数,2026年6月,全国,1311 粉ミルク,134.9,
指数,2026年6月,全国,1333 ヨーグルト,119.1,
指数,2026年6月,全国,1321 バター,140.7,
指数,2026年6月,全国,1331 チーズ（国産品）,143.3,
指数,2026年6月,全国,1332 チーズ（輸入品）,133.9,
指数,2026年6月,全国,0020 卵,146.6,
指数,2026年6月,全国,1341 鶏卵,146.6,
指数,2026年6月,全国,0021 野菜・海藻,118.9,
指数,2026年6月,全国,0022 生鮮野菜,113.3,
指数,2026年6月,全国,1401 キャベツ,106.6,
指数,2026年6月,全国,1402 ほうれんそう,106,
指数,2026年6月,全国,1403 はくさい,119.5,
指数,2026年6月,全国,1405 ねぎ,115.1,
指数,2026年6月,全国,1406 レタス,80.8,
指数,2026年6月,全国,1409 ブロッコリー,122.1,
指数,2026年6月,全国,1407 もやし,114.9,
指数,2026年6月,全国,1410 アスパラガス,137.6,
指数,2026年6月,全国,1411 さつまいも,121.4,
指数,2026年6月,全国,1412 じゃがいも,137.4,
指数,2026年6月,全国,1413 さといも,173,
指数,2026年6月,全国,1414 だいこん,129.2,
指数,2026年6月,全国,1415 にんじん,114.4,
指数,2026年6月,全国,1416 ごぼう,134.2,
指数,2026年6月,全国,1417 たまねぎ,149.6,
指数,2026年6月,全国,1419 れんこん,173,
指数,2026年6月,全国,1420 ながいも,118,
指数,2026年6月,全国,1421 しょうが,158.1,
指数,2026年6月,全国,1430 えだまめ,137.7,
指数,2026年6月,全国,1432 さやいんげん,117.6,
指数,2026年6月,全国,1433 かぼちゃ,138.9,
指数,2026年6月,全国,1434 きゅうり,97.2,
指数,2026年6月,全国,1435 なす,95,
指数,2026年6月,全国,1436 トマト,106.2,
指数,2026年6月,全国,1437 ピーマン,98.4,
指数,2026年6月,全国,1438 生しいたけ,108.7,
指数,2026年6月,全国,1442 えのきたけ,113.5,
指数,2026年6月,全国,1443 しめじ,106.5,
指数,2026年6月,全国,1444 カット野菜,111,
指数,2026年6月,全国,0023 乾物・加工品類,129.9,
指数,2026年6月,全国,0024 乾物・海藻,144.2,
指数,2026年6月,全国,1453 干ししいたけ,136,
指数,2026年6月,全国,1461 干しのり,164.1,
指数,2026年6月,全国,1462 わかめ,124.4,
指数,2026年6月,全国,1463 こんぶ,139.1,
指数,2026年6月,全国,1464 ひじき,120.7,
指数,2026年6月,全国,0025 大豆加工品,123.4,
指数,2026年6月,全国,1471 豆腐,124.6,
指数,2026年6月,全国,1472 油揚げ,130.6,
指数,2026年6月,全国,1473 納豆,117.1,
指数,2026年6月,全国,0026 他の野菜・海藻加工品,126.5,
指数,2026年6月,全国,1481 こんにゃく,127.1,
指数,2026年6月,全国,1482 梅干し,115.6,
指数,2026年6月,全国,1483 だいこん漬,138.8,
指数,2026年6月,全国,1486 はくさい漬,119.5,
指数,2026年6月,全国,1487 キムチ,116.8,
指数,2026年6月,全国,1485 こんぶつくだ煮,138,
指数,2026年6月,全国,1491 野菜缶詰,142.2,
指数,2026年6月,全国,0027 果物,129.9,
指数,2026年6月,全国,0028 生鮮果物,131.7,
指数,2026年6月,全国,1502 りんご,160.8,
指数,2026年6月,全国,1515 オレンジ,139.5,
指数,2026年6月,全国,1531 ぶどうＡ,164.7,
指数,2026年6月,全国,1561 すいか,142.9,
指数,2026年6月,全国,1563 メロン,127.9,
指数,2026年6月,全国,1581 バナナ,129.7,
指数,2026年6月,全国,1582 キウイフルーツ,132.9,
指数,2026年6月,全国,1572 さくらんぼ,108.8,
指数,2026年6月,全国,1583 アボカド,127.9,
指数,2026年6月,全国,0029 果物加工品,110.4,
指数,2026年6月,全国,1594 ナッツ,110.4,
指数,2026年6月,全国,0030 油脂・調味料,126.3,
指数,2026年6月,全国,0031 油脂,155.7,
指数,2026年6月,全国,1601 食用油,159.2,
指数,2026年6月,全国,1602 マーガリン,133.8,
指数,2026年6月,全国,0032 調味料,122.7,
指数,2026年6月,全国,1611 食塩,110.8,
指数,2026年6月,全国,1621 しょう油,119.9,
指数,2026年6月,全国,1631 みそ,129.4,
指数,2026年6月,全国,1632 砂糖,142.5,
指数,2026年6月,全国,1633 酢,112.7,
指数,2026年6月,全国,1641 ソース,136.1,
指数,2026年6月,全国,1642 ケチャップ,137.8,
指数,2026年6月,全国,1643 マヨネーズ,162.4,
指数,2026年6月,全国,1645 ドレッシング,113.3,
指数,2026年6月,全国,1644 ジャム,129.4,
指数,2026年6月,全国,1652 カレールウ,140.3,
指数,2026年6月,全国,1653 乾燥スープ,115.1,
指数,2026年6月,全国,1654 風味調味料,107.6,
指数,2026年6月,全国,1656 ふりかけ,133.9,
指数,2026年6月,全国,1655 たれ,111.4,
指数,2026年6月,全国,1659 つゆ,114.7,
指数,2026年6月,全国,1657 合わせ調味料,111.5,
指数,2026年6月,全国,1658 パスタソース,139.4,
指数,2026年6月,全国,0033 菓子類,140.6,
指数,2026年6月,全国,1701 ようかん,125.4,
指数,2026年6月,全国,1702 まんじゅう,137.3,
指数,2026年6月,全国,1703 だいふく餅,133.5,
指数,2026年6月,全国,1711 カステラ,133.7,
指数,2026年6月,全国,1712 ケーキ,133,
指数,2026年6月,全国,1784 ゼリー,128.8,
指数,2026年6月,全国,1714 プリン,153.6,
指数,2026年6月,全国,1713 シュークリーム,143.8,
指数,2026年6月,全国,1715 ロールケーキ,136.1,
指数,2026年6月,全国,1741 せんべい,147.7,
指数,2026年6月,全国,1721 ビスケット,121.7,
指数,2026年6月,全国,1783 ポテトチップス,141.9,
指数,2026年6月,全国,1732 キャンデー,122.7,
指数,2026年6月,全国,1761 チョコレート,192.3,
指数,2026年6月,全国,1782 アイスクリーム,118.1,
指数,2026年6月,全国,1772 落花生,127.2,
指数,2026年6月,全国,1781 チューインガム,154.6,
指数,2026年6月,全国,0034 調理食品,130.5,
指数,2026年6月,全国,0035 主食的調理食品,132.6,
指数,2026年6月,全国,1795 すし（弁当）Ａ,121.6,
指数,2026年6月,全国,1798 すし（弁当）Ｂ,137,
指数,2026年6月,全国,1791 弁当Ａ,121.5,
指数,2026年6月,全国,1797 弁当Ｂ,139.2,
指数,2026年6月,全国,1793 おにぎり,145.7,
指数,2026年6月,全国,1792 調理パン,132,
指数,2026年6月,全国,1794 冷凍米飯,146.1,
指数,2026年6月,全国,1796 調理パスタ,127.2,
指数,2026年6月,全国,1799 調理ピザ,112.2,
指数,2026年6月,全国,1790 無菌包装米飯,177.2,
指数,2026年6月,全国,0036 他の調理食品,129,
指数,2026年6月,全国,1801 うなぎかば焼き,118,
指数,2026年6月,全国,1811 サラダ,119.7,
指数,2026年6月,全国,1821 コロッケ,134.7,
指数,2026年6月,全国,1831 豚カツ,112.8,
指数,2026年6月,全国,1842 からあげ,133.4,
指数,2026年6月,全国,1881 ぎょうざ,131.7,
指数,2026年6月,全国,1843 やきとり,121.9,
指数,2026年6月,全国,1844 ハンバーグ,118,
指数,2026年6月,全国,1851 冷凍調理コロッケ,156.2,
指数,2026年6月,全国,1852 冷凍調理ハンバーグ,126.1,
指数,2026年6月,全国,1853 冷凍ぎょうざ,114.8,
指数,2026年6月,全国,1871 調理カレー,145.4,
指数,2026年6月,全国,1891 混ぜごはんのもと,114.7,
指数,2026年6月,全国,1812 煮豆,128.5,
指数,2026年6月,全国,1802 焼き魚,169,
指数,2026年6月,全国,1813 きんぴら,125.6,
指数,2026年6月,全国,1814 焼豚,123.2,
指数,2026年6月,全国,1892 サラダチキン,120.1,
指数,2026年6月,全国,1893 おでん,144.5,
指数,2026年6月,全国,0037 飲料,132.7,
指数,2026年6月,全国,0038 茶類,114.7,
指数,2026年6月,全国,1902 緑茶,133.7,
指数,2026年6月,全国,1911 紅茶,126.5,
指数,2026年6月,全国,1914 茶飲料,101.4,
指数,2026年6月,全国,0039 コーヒー・ココア,161,
指数,2026年6月,全国,1921 インスタントコーヒー,133.9,
指数,2026年6月,全国,1922 コーヒー豆,238.5,
指数,2026年6月,全国,1923 コーヒー飲料Ａ,131.5,
指数,2026年6月,全国,1924 コーヒー飲料Ｂ,146.6,
指数,2026年6月,全国,0040 他の飲料,129.4,
指数,2026年6月,全国,1930 果実ジュース,189.1,
指数,2026年6月,全国,1931 果汁入り飲料,140.4,
指数,2026年6月,全国,1941 野菜ジュース,133.4,
指数,2026年6月,全国,1951 炭酸飲料,143.3,
指数,2026年6月,全国,1952 ノンアルコールビール,113.9,
指数,2026年6月,全国,1972 乳酸菌飲料,100,
指数,2026年6月,全国,1982 ミネラルウォーター,120.4,
指数,2026年6月,全国,1984 宅配水,102.7,
指数,2026年6月,全国,1981 スポーツドリンク,119.5,
指数,2026年6月,全国,1983 豆乳,111.6,
指数,2026年6月,全国,0041 酒類,113.8,
指数,2026年6月,全国,2003 清酒,118.5,
指数,2026年6月,全国,2011 焼酎,107.4,
指数,2026年6月,全国,2021 ビール,100.6,
指数,2026年6月,全国,2026 発泡酒,118.5,
指数,2026年6月,全国,2033 ウイスキー,119.4,
指数,2026年6月,全国,2041 ワイン（国産品）,109.4,
指数,2026年6月,全国,2042 ワイン（輸入品）,114.1,
指数,2026年6月,全国,2012 チューハイ,118.2,
指数,2026年6月,全国,2027 ビール風アルコール飲料,131.5,
指数,2026年6月,全国,0042 外食,118,
指数,2026年6月,全国,0043 一般外食,123.6,
指数,2026年6月,全国,2101 うどん（外食）,117.9,
指数,2026年6月,全国,2103 日本そば（外食）,119,
指数,2026年6月,全国,2102 中華そば（外食）,118.6,
指数,2026年6月,全国,2112 スパゲッティ（外食）,116.4,
指数,2026年6月,全国,2123 すし（外食）Ａ,136.2,
指数,2026年6月,全国,2121 すし（外食）Ｂ,127.8,
指数,2026年6月,全国,2132 天丼（外食）,120.2,
指数,2026年6月,全国,2133 カレーライス（外食）,118.9,
指数,2026年6月,全国,2136 牛丼（外食）,127.1,
指数,2026年6月,全国,2142 豚カツ定食（外食）,122.4,
指数,2026年6月,全国,2146 しょうが焼き定食（外食）,127.1,
指数,2026年6月,全国,2164 フライドチキン（外食）,132,
指数,2026年6月,全国,2134 ぎょうざ（外食）,120.8,
指数,2026年6月,全国,2141 ハンバーグ（外食）,124.1,
指数,2026年6月,全国,2145 焼肉（外食）,118.3,
指数,2026年6月,全国,2135 ハンバーガー（外食）,142.4,
指数,2026年6月,全国,2161 サンドイッチ（外食）,119.1,
指数,2026年6月,全国,2144 ピザ（配達）,127.2,
指数,2026年6月,全国,2163 ドーナツ（外食）,136.2,
指数,2026年6月,全国,2162 コーヒー（外食）Ａ,119,
指数,2026年6月,全国,2165 コーヒー（外食）Ｂ,124.5,
指数,2026年6月,全国,2171 ビール（外食）,116.1,
指数,2026年6月,全国,2172 やきとり（外食）,124.7,
指数,2026年6月,全国,0044 学校給食,21.4,
指数,2026年6月,全国,2182 学校給食（小学校）,1.5,
指数,2026年6月,全国,2183 学校給食（中学校）,61.3,
指数,2026年6月,全国,0045 住居,105,
指数,2026年6月,全国,0046 家賃,101.2,
指数,2026年6月,全国,0047 民営家賃,101.4,
指数,2026年6月,全国,3000 民営家賃,101.4,
指数,2026年6月,全国,0048 公営・都市再生機構・公社家賃,102.8,
指数,2026年6月,全国,3016 公営家賃,102.1,
指数,2026年6月,全国,3017 都市再生機構・公社家賃,103.5,
指数,2026年6月,全国,0050 持家の帰属家賃,101.1,
指数,2026年6月,全国,3030 持家の帰属家賃,101.1,
指数,2026年6月,全国,0051 設備修繕・維持,127.4,
指数,2026年6月,全国,0052 設備材料,115,
指数,2026年6月,全国,3101 システムバス,122.3,
指数,2026年6月,全国,3103 温水洗浄便座,97.9,
指数,2026年6月,全国,3104 給湯器,107.2,
指数,2026年6月,全国,3105 システムキッチン,117.2,
指数,2026年6月,全国,3106 カーポート,117.8,
指数,2026年6月,全国,3121 修繕材料,132.6,
指数,2026年6月,全国,0053 工事その他のサービス,132.4,
指数,2026年6月,全国,3151 畳替え代,126.5,
指数,2026年6月,全国,3176 水道工事費,129,
指数,2026年6月,全国,3175 塀工事費,133.5,
指数,2026年6月,全国,3178 外壁塗装費,129.4,
指数,2026年6月,全国,3162 屋根修理費,126.2,
指数,2026年6月,全国,3174 植木職手間代,110.6,
指数,2026年6月,全国,3171 ふすま張替費,129.4,
指数,2026年6月,全国,3172 大工手間代,110.7,
指数,2026年6月,全国,3179 駐車場工事費,126.8,
指数,2026年6月,全国,3185 壁紙張替費,135.3,
指数,2026年6月,全国,3180 火災・地震保険料,148,
指数,2026年6月,全国,0054 光熱・水道,120,
指数,2026年6月,全国,0056 電気代,121.9,
指数,2026年6月,全国,3500 電気代,121.9,
指数,2026年6月,全国,0057 ガス代,120.7,
指数,2026年6月,全国,3600 都市ガス代,120.6,
指数,2026年6月,全国,3612 プロパンガス,120.9,
指数,2026年6月,全国,0058 他の光熱,173.5,
指数,2026年6月,全国,3701 灯油,173.5,
指数,2026年6月,全国,0059 上下水道料,103.1,
指数,2026年6月,全国,3810 水道料,101.8,
指数,2026年6月,全国,4610 下水道料,104.9,
指数,2026年6月,全国,0060 家具・家事用品,125.2,
指数,2026年6月,全国,0061 家庭用耐久財,128.8,
指数,2026年6月,全国,0062 家事用耐久財,108.7,
指数,2026年6月,全国,4003 電子レンジ,111.2,
指数,2026年6月,全国,4002 電気炊飯器,107.2,
指数,2026年6月,全国,4011 ガステーブル,115,
指数,2026年6月,全国,4021 電気冷蔵庫,113.6,
指数,2026年6月,全国,4032 電気掃除機,87.8,
指数,2026年6月,全国,4042 電気洗濯機（全自動洗濯機）,126.9,
指数,2026年6月,全国,4043 電気洗濯機（洗濯乾燥機）,99,
指数,2026年6月,全国,0063 冷暖房用器具,162.7,
指数,2026年6月,全国,4063 ルームエアコン,169.5,
指数,2026年6月,全国,4072 温風ヒーター,119.6,
指数,2026年6月,全国,4075 空気清浄機,142.7,
指数,2026年6月,全国,0064 一般家具,121.5,
指数,2026年6月,全国,4092 食堂セット,122.4,
指数,2026年6月,全国,4093 ソファ,118.6,
指数,2026年6月,全国,4083 食器戸棚,131,
指数,2026年6月,全国,0066 室内装備品,122.8,
指数,2026年6月,全国,4115 照明器具,148.9,
指数,2026年6月,全国,4121 カーペット,112.1,
指数,2026年6月,全国,4141 カーテン,115,
指数,2026年6月,全国,4142 クッション,120.1,
指数,2026年6月,全国,0070 寝具類,108.6,
指数,2026年6月,全国,4201 ベッド,119,
指数,2026年6月,全国,4211 布団,111.3,
指数,2026年6月,全国,4251 敷布,114.6,
指数,2026年6月,全国,4271 布団カバー,119.5,
指数,2026年6月,全国,4272 敷きパッド,88.9,
指数,2026年6月,全国,0073 家事雑貨,125.5,
指数,2026年6月,全国,0074 食器類,121.5,
指数,2026年6月,全国,4301 茶わん,115.5,
指数,2026年6月,全国,4302 皿,125.5,
指数,2026年6月,全国,0075 台所用品,121.5,
指数,2026年6月,全国,4326 水筒,114.5,
指数,2026年6月,全国,4331 鍋,138.8,
指数,2026年6月,全国,4334 フライパン,116.5,
指数,2026年6月,全国,4342 スポンジたわし,114,
指数,2026年6月,全国,0076 他の家事雑貨,128.4,
指数,2026年6月,全国,4352 電球・ランプ,177.2,
指数,2026年6月,全国,4361 タオル,108.6,
指数,2026年6月,全国,4362 マット,108.1,
指数,2026年6月,全国,4372 物干し用ハンガー,136.4,
指数,2026年6月,全国,4373 収納ケース,133.9,
指数,2026年6月,全国,0077 家事用消耗品,130.2,
指数,2026年6月,全国,0078 ティシュ・トイレットペーパー,129.9,
指数,2026年6月,全国,4412 ティシュペーパー,129.5,
指数,2026年6月,全国,4413 トイレットペーパー,130.1,
指数,2026年6月,全国,0079 洗剤,144.6,
指数,2026年6月,全国,4431 台所用洗剤,120.8,
指数,2026年6月,全国,4441 洗濯用洗剤,161.5,
指数,2026年6月,全国,0080 他の家事用消耗品,122.1,
指数,2026年6月,全国,4401 ラップ,117.7,
指数,2026年6月,全国,4402 ポリ袋,111.5,
指数,2026年6月,全国,4451 殺虫剤,120.4,
指数,2026年6月,全国,4442 柔軟仕上剤,138.9,
指数,2026年6月,全国,4471 芳香・消臭剤,111.6,
指数,2026年6月,全国,4403 キッチンペーパー,116.6,
指数,2026年6月,全国,4472 漂白剤,133,
指数,2026年6月,全国,0081 家事サービス,106.6,
指数,2026年6月,全国,0174 家事代行料,113.4,
指数,2026年6月,全国,4501 家事代行料,113.4,
指数,2026年6月,全国,0175 清掃代,105.3,
指数,2026年6月,全国,4521 リサイクル料金,96,
指数,2026年6月,全国,4515 浄化槽清掃代,109.1,
指数,2026年6月,全国,0176 他の家事サービス,105.5,
指数,2026年6月,全国,4701 モップレンタル料,105.5,
指数,2026年6月,全国,0082 被服及び履物,113.1,
指数,2026年6月,全国,0083 衣料,114,
指数,2026年6月,全国,0084 和服,105.9,
指数,2026年6月,全国,5011 婦人用着物,106.8,
指数,2026年6月,全国,5041 婦人用帯,103.5,
指数,2026年6月,全国,0085 洋服,114.2,
指数,2026年6月,全国,0086 男子用洋服,116.8,
指数,2026年6月,全国,5101 背広服（春夏物，中級品）,122.4,
指数,2026年6月,全国,5103 背広服（春夏物，普通品）,125.2,
指数,2026年6月,全国,5102 背広服（秋冬物，中級品）,122.5,
指数,2026年6月,全国,5104 背広服（秋冬物，普通品）,124,
指数,2026年6月,全国,5111 男子用上着,109.7,
指数,2026年6月,全国,5122 男子用ズボン（春夏物）,116.7,
指数,2026年6月,全国,5121 男子用ズボン（秋冬物）,110.5,
指数,2026年6月,全国,5123 男子用ズボン（ジーンズ）,109.3,
指数,2026年6月,全国,5131 男子用コート,112.7,
指数,2026年6月,全国,5141 男子用学校制服,120.1,
指数,2026年6月,全国,0087 婦人用洋服,114.2,
指数,2026年6月,全国,5166 婦人用スーツ（春夏物，中級品）,114.6,
指数,2026年6月,全国,5167 婦人用スーツ（春夏物，普通品）,110.8,
指数,2026年6月,全国,5162 婦人用スーツ（秋冬物，中級品）,100.9,
指数,2026年6月,全国,5168 婦人用スーツ（秋冬物，普通品）,120.3,
指数,2026年6月,全国,5161 ワンピース（春夏物）,109.3,
指数,2026年6月,全国,5163 ワンピース（秋冬物）,106.4,
指数,2026年6月,全国,5183 婦人用上着,118.4,
指数,2026年6月,全国,5169 スカート（春夏物）,116.3,
指数,2026年6月,全国,5172 スカート（秋冬物）,122.9,
指数,2026年6月,全国,5181 婦人用スラックス（秋冬物）,128,
指数,2026年6月,全国,5179 婦人用スラックス（ジーンズ）,100.5,
指数,2026年6月,全国,5182 婦人用コート,122.9,
指数,2026年6月,全国,5184 女子用学校制服,113.2,
指数,2026年6月,全国,0088 子供用洋服,108.2,
指数,2026年6月,全国,5195 子供用ズボン（春夏物）,109.1,
指数,2026年6月,全国,5196 子供用ズボン（秋冬物）,110.7,
指数,2026年6月,全国,5193 乳児服,93.6,
指数,2026年6月,全国,0089 シャツ・セーター・下着類,112.4,
指数,2026年6月,全国,0090 シャツ・セーター類,112.2,
指数,2026年6月,全国,0091 男子用シャツ・セーター類,111.4,
指数,2026年6月,全国,5202 ワイシャツ,102.5,
指数,2026年6月,全国,5211 男子用スポーツシャツ（長袖）,105.1,
指数,2026年6月,全国,5212 男子用スポーツシャツ（半袖）,115.9,
指数,2026年6月,全国,5221 男子用セーター,118.2,
指数,2026年6月,全国,0092 婦人用シャツ・セーター類,113.5,
指数,2026年6月,全国,5231 ブラウス（長袖）,107.1,
指数,2026年6月,全国,5232 ブラウス（半袖）,110,
指数,2026年6月,全国,5233 婦人用Ｔシャツ（長袖）,110.6,
指数,2026年6月,全国,5234 婦人用Ｔシャツ（半袖）,117.8,
指数,2026年6月,全国,5241 婦人用セーター（長袖）,114.9,
指数,2026年6月,全国,5242 婦人用セーター（半袖）,111.3,
指数,2026年6月,全国,0093 子供用シャツ・セーター類,106.3,
指数,2026年6月,全国,5243 子供用Ｔシャツ（長袖）,102.8,
指数,2026年6月,全国,5244 子供用Ｔシャツ（半袖）,109.8,
指数,2026年6月,全国,0094 下着類,112.8,
指数,2026年6月,全国,0095 男子用下着類,117.1,
指数,2026年6月,全国,5301 男子用シャツ（半袖）,121.5,
指数,2026年6月,全国,5311 男子用パンツ,112.2,
指数,2026年6月,全国,5331 男子用パジャマ,112.3,
指数,2026年6月,全国,0096 婦人用下着類,109.9,
指数,2026年6月,全国,5341 ブラジャー,105.7,
指数,2026年6月,全国,5351 婦人用ショーツ,111.8,
指数,2026年6月,全国,5361 ランジェリー,109.7,
指数,2026年6月,全国,0097 子供用下着類,115.5,
指数,2026年6月,全国,5372 子供用下着,115.5,
指数,2026年6月,全国,0098 履物類,110,
指数,2026年6月,全国,5601 男子靴,111.2,
指数,2026年6月,全国,5611 婦人靴,100,
指数,2026年6月,全国,5641 子供靴,120.8,
指数,2026年6月,全国,5631 運動靴,114.7,
指数,2026年6月,全国,5671 サンダル,120,
指数,2026年6月,全国,5652 スリッパ,112.4,
指数,2026年6月,全国,0103 他の被服,110,
指数,2026年6月,全国,5501 帽子,117.5,
指数,2026年6月,全国,5511 ネクタイ,104.5,
指数,2026年6月,全国,5572 マフラー,121.5,
指数,2026年6月,全国,5521 男子用靴下,106.4,
指数,2026年6月,全国,5531 婦人用ストッキング,120.9,
指数,2026年6月,全国,5541 婦人用ソックス,104.3,
指数,2026年6月,全国,5571 ベルト,102.1,
指数,2026年6月,全国,0106 被服関連サービス,123.4,
指数,2026年6月,全国,5711 クリーニング代Ａ,120.7,
指数,2026年6月,全国,5712 クリーニング代Ｂ,130.3,
指数,2026年6月,全国,5721 履物修理代,122,
指数,2026年6月,全国,5731 被服賃借料,115.6,
指数,2026年6月,全国,0107 保健医療,105.6,
指数,2026年6月,全国,0108 医薬品・健康保持用摂取品,112.8,
指数,2026年6月,全国,6001 総合かぜ薬,116.4,
指数,2026年6月,全国,6002 解熱鎮痛剤,118.5,
指数,2026年6月,全国,6012 胃腸薬,114.1,
指数,2026年6月,全国,6021 ビタミン剤Ａ,113.9,
指数,2026年6月,全国,6022 ビタミン剤Ｂ,100.8,
指数,2026年6月,全国,6031 ドリンク剤,114.9,
指数,2026年6月,全国,6051 皮膚病薬,130.7,
指数,2026年6月,全国,6061 はり薬,151.9,
指数,2026年6月,全国,6062 目薬,105.3,
指数,2026年6月,全国,6091 漢方薬,99.1,
指数,2026年6月,全国,6003 鼻炎薬,120.3,
指数,2026年6月,全国,6090 健康保持用摂取品Ａ,108,
指数,2026年6月,全国,6094 健康保持用摂取品Ｂ,102.3,
指数,2026年6月,全国,0109 保健医療用品・器具,110.6,
指数,2026年6月,全国,6141 紙おむつ（乳幼児用）,121.9,
指数,2026年6月,全国,6142 紙おむつ（大人用）,123.2,
指数,2026年6月,全国,6101 生理用ナプキン,124.3,
指数,2026年6月,全国,6095 入浴剤,100.1,
指数,2026年6月,全国,6181 コンタクトレンズ用剤,101.4,
指数,2026年6月,全国,6102 マスク,102.9,
指数,2026年6月,全国,6182 軽度失禁用品,126,
指数,2026年6月,全国,6121 眼鏡,104.9,
指数,2026年6月,全国,6161 コンタクトレンズ,116.1,
指数,2026年6月,全国,6171 血圧計,116.3,
指数,2026年6月,全国,6172 補聴器,106,
指数,2026年6月,全国,6173 サポーター,113.5,
指数,2026年6月,全国,0110 保健医療サービス,100.4,
指数,2026年6月,全国,6200 診療代,99.9,
指数,2026年6月,全国,6221 マッサージ料金,106.4,
指数,2026年6月,全国,6222 人間ドック受診料,103.5,
指数,2026年6月,全国,6223 予防接種料,102.3,
指数,2026年6月,全国,0111 交通・通信,102,
指数,2026年6月,全国,0112 交通,107.8,
指数,2026年6月,全国,0179 鉄道運賃（ＪＲ）,106.9,
指数,2026年6月,全国,7527 普通運賃（ＪＲ）,106.9,
指数,2026年6月,全国,7528 料金（ＪＲ，在来線）,99.6,
指数,2026年6月,全国,7530 料金（ＪＲ，新幹線）,98.2,
指数,2026年6月,全国,7029 通学定期（ＪＲ）,105.3,
指数,2026年6月,全国,7030 通勤定期（ＪＲ）,117,
指数,2026年6月,全国,0180 鉄道運賃（ＪＲ以外）,108.3,
指数,2026年6月,全国,7008 普通運賃（ＪＲ以外）,107.6,
指数,2026年6月,全国,7009 通学定期（ＪＲ以外）,99,
指数,2026年6月,全国,7010 通勤定期（ＪＲ以外）,110.9,
指数,2026年6月,全国,0181 他の交通,114.1,
指数,2026年6月,全国,7050 一般路線バス代,117.2,
指数,2026年6月,全国,7057 高速バス代,112.2,
指数,2026年6月,全国,7060 タクシー代,123,
指数,2026年6月,全国,7070 航空運賃,105.6,
指数,2026年6月,全国,0182 有料道路料,99,
指数,2026年6月,全国,7363 高速自動車国道料金,98.5,
指数,2026年6月,全国,7364 都市高速道路料金,100.4,
指数,2026年6月,全国,0113 自動車等関係費,112.3,
指数,2026年6月,全国,0114 自動車,109.4,
指数,2026年6月,全国,7105 軽乗用車,109.3,
指数,2026年6月,全国,7106 小型乗用車,107.5,
指数,2026年6月,全国,7113 普通乗用車Ａ,106.1,
指数,2026年6月,全国,7115 普通乗用車Ｂ,124.5,
指数,2026年6月,全国,0115 自転車,122.5,
指数,2026年6月,全国,7201 自転車Ａ,124.2,
指数,2026年6月,全国,7202 自転車Ｂ,120.1,
指数,2026年6月,全国,0116 自動車等維持,113.2,
指数,2026年6月,全国,7301 ガソリン,125.1,
指数,2026年6月,全国,7311 自動車タイヤ,116.7,
指数,2026年6月,全国,7312 自動車バッテリー,110.8,
指数,2026年6月,全国,7313 カーナビゲーション,120.8,
指数,2026年6月,全国,7315 ドライブレコーダー,105.1,
指数,2026年6月,全国,7331 自動車整備費（定期点検）,110.6,
指数,2026年6月,全国,7335 自動車整備費（パンク修理）,124.5,
指数,2026年6月,全国,7341 自動車オイル交換料,132.8,
指数,2026年6月,全国,7342 車庫借料,101.1,
指数,2026年6月,全国,7343 駐車料金,105.1,
指数,2026年6月,全国,7351 自動車免許手数料,111.7,
指数,2026年6月,全国,7344 レンタカー料金,116.4,
指数,2026年6月,全国,7347 洗車代,119.9,
指数,2026年6月,全国,7350 ロードサービス料,174.1,
指数,2026年6月,全国,7370 自動車保険料（自賠責）,78.5,
指数,2026年6月,全国,7390 自動車保険料（任意）,109.1,
指数,2026年6月,全国,0117 通信,79,
指数,2026年6月,全国,7401 はがき,134.9,
指数,2026年6月,全国,7402 封書,117,
指数,2026年6月,全国,7410 通信料（固定電話）,91.4,
指数,2026年6月,全国,7430 通信料（携帯電話）,62.1,
指数,2026年6月,全国,7433 運送料,106.7,
指数,2026年6月,全国,7446 携帯電話機,113.1,
指数,2026年6月,全国,0118 教育,89.9,
指数,2026年6月,全国,0119 授業料等,79,
指数,2026年6月,全国,8001 ＰＴＡ会費（小学校）,90.1,
指数,2026年6月,全国,8002 ＰＴＡ会費（中学校）,90.2,
指数,2026年6月,全国,8010 中学校授業料（私立）,107.7,
指数,2026年6月,全国,8020 高等学校授業料（公立）,5.5,
指数,2026年6月,全国,8030 高等学校授業料（私立）,25.3,
指数,2026年6月,全国,8040 大学授業料（国立）,99.5,
指数,2026年6月,全国,8060 大学授業料（私立）,102.4,
指数,2026年6月,全国,8070 短期大学授業料（私立）,101.2,
指数,2026年6月,全国,8077 専修学校授業料（私立）,103.4,
指数,2026年6月,全国,0120 教科書・学習参考教材,112.3,
指数,2026年6月,全国,8110 教科書,114.2,
指数,2026年6月,全国,8100 学習参考教材,110.8,
指数,2026年6月,全国,0121 補習教育,115.6,
指数,2026年6月,全国,8203 補習教育（小学校）,112.8,
指数,2026年6月,全国,8201 補習教育（中学校）,110.4,
指数,2026年6月,全国,8204 補習教育（高校・予備校）,126.4,
指数,2026年6月,全国,0122 教養娯楽,116.7,
指数,2026年6月,全国,0123 教養娯楽用耐久財,106.6,
指数,2026年6月,全国,9013 テレビ,105.5,
指数,2026年6月,全国,9034 ビデオレコーダー,133.3,
指数,2026年6月,全国,9078 パソコン（デスクトップ型）,87.8,
指数,2026年6月,全国,9079 パソコン（ノート型）,105,
指数,2026年6月,全国,9080 タブレット端末,103.9,
指数,2026年6月,全国,9081 プリンタ,110.1,
指数,2026年6月,全国,9043 カメラ,139.6,
指数,2026年6月,全国,9051 ピアノ,105.8,
指数,2026年6月,全国,9061 学習用机,119.4,
指数,2026年6月,全国,0128 教養娯楽用品,117,
指数,2026年6月,全国,0129 文房具,126.7,
指数,2026年6月,全国,9111 ボールペン,114.2,
指数,2026年6月,全国,9121 ノートブック,124.7,
指数,2026年6月,全国,9129 はさみ,142.9,
指数,2026年6月,全国,0130 運動用具類,106.6,
指数,2026年6月,全国,9142 ゴルフクラブ,96.7,
指数,2026年6月,全国,9141 グローブ,111,
指数,2026年6月,全国,9143 テニスラケット,114.9,
指数,2026年6月,全国,9144 釣ざお,105.8,
指数,2026年6月,全国,9145 トレーニングパンツ,92.5,
指数,2026年6月,全国,9149 水着,119.6,
指数,2026年6月,全国,9140 競技用靴,127.7,
指数,2026年6月,全国,0131 玩具,112.9,
指数,2026年6月,全国,9154 家庭用ゲーム機,110.8,
指数,2026年6月,全国,9156 ゲームソフト,99,
指数,2026年6月,全国,9151 人形,114.5,
指数,2026年6月,全国,9152 玩具自動車,120.9,
指数,2026年6月,全国,9153 組立玩具,117.9,
指数,2026年6月,全国,0132 切り花,116.8,
指数,2026年6月,全国,9181 切り花（カーネーション）,122.7,
指数,2026年6月,全国,9182 切り花（きく）,114.6,
指数,2026年6月,全国,9183 切り花（バラ）,118.2,
指数,2026年6月,全国,0133 他の教養娯楽用品,121.8,
指数,2026年6月,全国,9199 メモリーカード,107.7,
指数,2026年6月,全国,9172 コンパクトディスク,108.3,
指数,2026年6月,全国,9174 ビデオソフト,98.7,
指数,2026年6月,全国,9193 ペットフード（ドッグフード）,129.5,
指数,2026年6月,全国,9196 ペットフード（キャットフード）,158.9,
指数,2026年6月,全国,9185 ペットトイレ用品,113.8,
指数,2026年6月,全国,9184 鉢植え,129.1,
指数,2026年6月,全国,9190 園芸用土,117.1,
指数,2026年6月,全国,9189 園芸用肥料,97.1,
指数,2026年6月,全国,9195 電池,115.3,
指数,2026年6月,全国,9128 プリンタ用インク,110,
指数,2026年6月,全国,0134 書籍・他の印刷物,118.5,
指数,2026年6月,全国,0135 新聞代,116.7,
指数,2026年6月,全国,9204 新聞代（地方・ブロック紙）,115,
指数,2026年6月,全国,9205 新聞代（全国紙）,117.9,
指数,2026年6月,全国,0136 雑誌,127.7,
指数,2026年6月,全国,9226 月刊誌,128.6,
指数,2026年6月,全国,9230 週刊誌,123.9,
指数,2026年6月,全国,0137 書籍,120.9,
指数,2026年6月,全国,9261 単行本Ａ,113.1,
指数,2026年6月,全国,9263 単行本Ｂ,126.8,
指数,2026年6月,全国,0138 教養娯楽サービス,117.8,
指数,2026年6月,全国,0139 宿泊料,160.6,
指数,2026年6月,全国,9300 宿泊料,160.6,
指数,2026年6月,全国,0177 パック旅行費,162.1,
指数,2026年6月,全国,9305 外国パック旅行費,162.1,
指数,2026年6月,全国,0140 月謝類,111.5,
指数,2026年6月,全国,9328 講習料（英会話）,105.2,
指数,2026年6月,全国,9329 講習料（書道）,108.7,
指数,2026年6月,全国,9326 講習料（音楽）,107.7,
指数,2026年6月,全国,9319 講習料（ダンス）,114.8,
指数,2026年6月,全国,9313 講習料（水泳）,116.9,
指数,2026年6月,全国,9343 講習料（体育）,112.3,
指数,2026年6月,全国,9320 自動車教習料,108.4,
指数,2026年6月,全国,0141 他の教養娯楽サービス,105.3,
指数,2026年6月,全国,0142 放送受信料,94.7,
指数,2026年6月,全国,9330 放送受信料（ＮＨＫ）,88,
指数,2026年6月,全国,9368 放送受信料（ケーブル）,102.2,
指数,2026年6月,全国,9367 放送受信料（ＮＨＫ・ケーブル以外）,100,
指数,2026年6月,全国,0143 入場・観覧・ゲーム代,112.6,
指数,2026年6月,全国,9341 映画観覧料,104.5,
指数,2026年6月,全国,9342 演劇観覧料,109.2,
指数,2026年6月,全国,9345 サッカー観覧料,99.5,
指数,2026年6月,全国,9350 プロ野球観覧料,110.3,
指数,2026年6月,全国,9353 ゴルフ練習料金,107.7,
指数,2026年6月,全国,9357 ゴルフプレー料金,114,
指数,2026年6月,全国,9361 ボウリングゲーム代,113.4,
指数,2026年6月,全国,9359 プール使用料,105.6,
指数,2026年6月,全国,9362 フィットネスクラブ使用料,113.3,
指数,2026年6月,全国,9374 文化施設入場料,116.5,
指数,2026年6月,全国,9372 テーマパーク入場料,118.8,
指数,2026年6月,全国,9395 カラオケルーム使用料,120.6,
指数,2026年6月,全国,0144 他の娯楽サービス,106,
指数,2026年6月,全国,9381 写真撮影代,111.6,
指数,2026年6月,全国,9391 ビデオソフトレンタル料,121,
指数,2026年6月,全国,9397 インターネット接続料,104.7,
指数,2026年6月,全国,9403 ウェブコンテンツ利用料,109.3,
指数,2026年6月,全国,9396 獣医代,102.6,
指数,2026年6月,全国,9188 ペット美容院代,114.9,
指数,2026年6月,全国,0145 諸雑費,106.3,
指数,2026年6月,全国,0146 理美容サービス,108.5,
指数,2026年6月,全国,9504 入浴料,118.3,
指数,2026年6月,全国,9511 理髪料,105.7,
指数,2026年6月,全国,9521 パーマネント代,107,
指数,2026年6月,全国,9531 カット代,107.1,
指数,2026年6月,全国,9532 ヘアカラーリング代,107.1,
指数,2026年6月,全国,9505 エステティック料金,116.9,
指数,2026年6月,全国,0147 理美容用品,104.8,
指数,2026年6月,全国,0148 理容器具,108.5,
指数,2026年6月,全国,9602 電気かみそり,100.8,
指数,2026年6月,全国,9611 歯ブラシ,116.9,
指数,2026年6月,全国,0149 石けん類,108.3,
指数,2026年6月,全国,9621 手洗い用石けん,105,
指数,2026年6月,全国,9626 ボディーソープ,101.6,
指数,2026年6月,全国,9627 洗顔料,100.7,
指数,2026年6月,全国,9628 クレンジング,112.4,
指数,2026年6月,全国,9622 シャンプー,112.2,
指数,2026年6月,全国,9624 ヘアコンディショナー,111.9,
指数,2026年6月,全国,9623 歯磨き,108.7,
指数,2026年6月,全国,0150 化粧品,102.7,
指数,2026年6月,全国,9631 整髪料,109.9,
指数,2026年6月,全国,9641 養毛剤,97.5,
指数,2026年6月,全国,9650 化粧クリームＡ,100,
指数,2026年6月,全国,9652 化粧クリームＢ,110.5,
指数,2026年6月,全国,9660 化粧水Ａ,103.8,
指数,2026年6月,全国,9661 化粧水Ｂ,111.1,
指数,2026年6月,全国,9690 乳液Ａ,103.4,
指数,2026年6月,全国,9692 乳液Ｂ,110.4,
指数,2026年6月,全国,9670 ファンデーションＡ,100,
指数,2026年6月,全国,9672 ファンデーションＢ,100,
指数,2026年6月,全国,9680 口紅Ａ,107.1,
指数,2026年6月,全国,9682 口紅Ｂ,100.6,
指数,2026年6月,全国,9625 ヘアカラーリング剤,98.4,
指数,2026年6月,全国,9693 美容液,100,
指数,2026年6月,全国,0151 身の回り用品,123.8,
指数,2026年6月,全国,0152 かばん類,125.6,
指数,2026年6月,全国,9721 バッグＡ,111.4,
指数,2026年6月,全国,9722 バッグＢ,151.9,
指数,2026年6月,全国,9711 通学用かばん,112.4,
指数,2026年6月,全国,9731 旅行用かばん,103.3,
指数,2026年6月,全国,0153 腕時計・指輪,124.7,
指数,2026年6月,全国,9741 指輪,144.4,
指数,2026年6月,全国,9751 腕時計,116.5,
指数,2026年6月,全国,0154 他の身の回り用品,111.4,
指数,2026年6月,全国,9701 傘,115.7,
指数,2026年6月,全国,9761 ハンカチーフ,103.9,
指数,2026年6月,全国,0155 たばこ,117.2,
指数,2026年6月,全国,9799 たばこ（国産品）,117,
指数,2026年6月,全国,9798 たばこ（輸入品）,117.5,
指数,2026年6月,全国,0156 他の諸雑費,99.7,
指数,2026年6月,全国,9960 葬儀料,108.6,
指数,2026年6月,全国,9928 傷害保険料,104.9,
指数,2026年6月,全国,9921 保育所保育料,79.5,
指数,2026年6月,全国,9951 学童保育料,103.9,
指数,2026年6月,全国,9914 介護料,106.7,
指数,2026年6月,全国,9901 行政証明書手数料,104.2,
指数,2026年6月,全国,9912 パスポート取得料,99.4,
指数,2026年6月,全国,9920 振込手数料,55.3,
指数,2026年6月,全国,9931 警備料,110.8,
指数,2026年6月,全国,0157 生鮮食品,125,
指数,2026年6月,全国,0158 生鮮魚介（再掲）,138.8,
指数,2026年6月,全国,0159 生鮮野菜（再掲）,113.3,
指数,2026年6月,全国,0160 生鮮果物（再掲）,131.7,
指数,2026年6月,全国,0161 生鮮食品を除く総合,113.1,
指数,2026年6月,全国,0172 生鮮食品を除く食料,129.3,
指数,2026年6月,全国,0163 持家の帰属家賃を除く総合,115.9,
指数,2026年6月,全国,0164 持家の帰属家賃を除く住居,115.9,
指数,2026年6月,全国,0165 持家の帰属家賃を除く家賃,101.5,
指数,2026年6月,全国,0166 持家の帰属家賃及び生鮮食品を除く総合,115.5,
指数,2026年6月,全国,0167 エネルギー,125.2,
指数,2026年6月,全国,0178 生鮮食品及びエネルギーを除く総合,112.2,
指数,2026年6月,全国,0168 食料（酒類を除く）及びエネルギーを除く総合,106.6,
指数,2026年6月,全国,0162 教育関係費,88.9,
指数,2026年6月,全国,0173 教養娯楽関係費,115.7,
指数,2026年6月,全国,0169 情報通信関係費,78.6,
指数,2026年6月,全国,0201 総合,113.6,
指数,2026年6月,全国,0202 財,123.1,
指数,2026年6月,全国,0241 生鮮食品を除く財,122.9,
指数,2026年6月,全国,0203 農水畜産物,132.7,
指数,2026年6月,全国,0204 生鮮商品,126.8,
指数,2026年6月,全国,0205 他の農水畜産物,195,
指数,2026年6月,全国,0206 米類,195,
指数,2026年6月,全国,0207 工業製品,122.1,
指数,2026年6月,全国,0208 食料工業製品,129.1,
指数,2026年6月,全国,0211 繊維製品,111.2,
指数,2026年6月,全国,0214 石油製品,130.8,
指数,2026年6月,全国,0215 他の工業製品,116.1,
指数,2026年6月,全国,0218 電気・都市ガス・水道,118,
指数,2026年6月,全国,0219 出版物,118.2,
指数,2026年6月,全国,0220 サービス,103.9,
指数,2026年6月,全国,0242 持家の帰属家賃を除くサービス,105.2,
指数,2026年6月,全国,0221 公共サービス,100.8,
指数,2026年6月,全国,0243 外食,21.4,
指数,2026年6月,全国,0222 公営・都市再生機構・公社家賃,102.8,
指数,2026年6月,全国,0223 家事関連サービス,109.9,
指数,2026年6月,全国,0224 医療・福祉関連サービス,96.8,
指数,2026年6月,全国,0225 運輸・通信関連サービス,104.5,
指数,2026年6月,全国,0226 教育関連サービス,41.9,
指数,2026年6月,全国,0227 教養娯楽関連サービス,95.2,
指数,2026年6月,全国,0228 一般サービス,104.9,
指数,2026年6月,全国,0229 外食,123.6,
指数,2026年6月,全国,0230 民営家賃,101.4,
指数,2026年6月,全国,0245 民営家賃（木造）,100.8,
指数,2026年6月,全国,0246 民営家賃（非木造）,101.6,
指数,2026年6月,全国,0231 持家の帰属家賃,101.1,
指数,2026年6月,全国,0247 持家の帰属家賃（木造）,100.8,
指数,2026年6月,全国,0248 持家の帰属家賃（非木造）,102,
指数,2026年6月,全国,0232 他のサービス,104.1,
指数,2026年6月,全国,0233 家事関連サービス,116.2,
指数,2026年6月,全国,0234 医療・福祉関連サービス,104.1,
指数,2026年6月,全国,0235 教育関連サービス,94.9,
指数,2026年6月,全国,0236 通信・教養娯楽関連サービス,99.3,
指数,2026年6月,全国,0237 耐久消費財,114.2,
指数,2026年6月,全国,0238 半耐久消費財,115.3,
指数,2026年6月,全国,0239 非耐久消費財,126.2,
指数,2026年6月,全国,0240 公共料金,106.3,
指数,2026年6月,全国,0901 総合（季節調整済）,113.8,
指数,2026年6月,全国,0902 生鮮食品を除く総合（季節調整済）,113,
指数,2026年6月,全国,0906 生鮮食品及びエネルギーを除く総合（季節調整済）,112.2,
指数,2026年6月,全国,0921 財（季節調整済）,123.2,
指数,2026年6月,全国,0924 サービス（季節調整済）,104.1,
前月比・前年比・前年度比,2026年6月,全国,0001 総合,0.0,%
前月比・前年比・前年度比,2026年6月,全国,0002 食料,0.0,%
前月比・前年比・前年度比,2026年6月,全国,0003 穀類,-1.0,%
前月比・前年比・前年度比,2026年6月,全国,0004 米類,-2.2,%
前月比・前年比・前年度比,2026年6月,全国,1001 うるち米Ａ,-2.3,%
前月比・前年比・前年度比,2026年6月,全国,1002 うるち米Ｂ,-2.2,%
前月比・前年比・前年度比,2026年6月,全国,0005 パン,-0.2,%
前月比・前年比・前年度比,2026年6月,全国,1021 食パン,0.3,%
前月比・前年比・前年度比,2026年6月,全国,1022 あんパン,-1.3,%
前月比・前年比・前年度比,2026年6月,全国,1023 カレーパン,0.9,%
前月比・前年比・前年度比,2026年6月,全国,0006 麺類,-0.2,%
前月比・前年比・前年度比,2026年6月,全国,1031 ゆでうどん,0.1,%
前月比・前年比・前年度比,2026年6月,全国,1041 そうめん,-0.4,%
前月比・前年比・前年度比,2026年6月,全国,1042 スパゲッティ,-0.1,%
前月比・前年比・前年度比,2026年6月,全国,1051 カップ麺,-0.1,%
前月比・前年比・前年度比,2026年6月,全国,1052 中華麺,-0.7,%
前月比・前年比・前年度比,2026年6月,全国,0007 他の穀類,0.0,%
前月比・前年比・前年度比,2026年6月,全国,1071 小麦粉,-1.5,%
前月比・前年比・前年度比,2026年6月,全国,1081 もち,0.1,%
前月比・前年比・前年度比,2026年6月,全国,1090 シリアル,0.5,%
前月比・前年比・前年度比,2026年6月,全国,0008 魚介類,0.5,%
前月比・前年比・前年度比,2026年6月,全国,0009 生鮮魚介,0.6,%
前月比・前年比・前年度比,2026年6月,全国,1101 まぐろ,1.7,%
前月比・前年比・前年度比,2026年6月,全国,1102 あじ,8.8,%
前月比・前年比・前年度比,2026年6月,全国,1103 いわし,6.1,%
前月比・前年比・前年度比,2026年6月,全国,1104 かつお,2.3,%
前月比・前年比・前年度比,2026年6月,全国,1106 さけ,0.2,%
前月比・前年比・前年度比,2026年6月,全国,1107 さば,2.7,%
前月比・前年比・前年度比,2026年6月,全国,1108 さんま,2.5,%
前月比・前年比・前年度比,2026年6月,全国,1110 たい,-0.3,%
前月比・前年比・前年度比,2026年6月,全国,1111 ぶり,-2.0,%
前月比・前年比・前年度比,2026年6月,全国,1112 いか,-2.4,%
前月比・前年比・前年度比,2026年6月,全国,1113 たこ,1.1,%
前月比・前年比・前年度比,2026年6月,全国,1114 えび,-0.6,%
前月比・前年比・前年度比,2026年6月,全国,1131 あさり,-0.4,%
前月比・前年比・前年度比,2026年6月,全国,1133 ほたて貝,0.0,%
前月比・前年比・前年度比,2026年6月,全国,0010 塩干魚介,0.3,%
前月比・前年比・前年度比,2026年6月,全国,1141 塩さけ,-0.3,%
前月比・前年比・前年度比,2026年6月,全国,1142 たらこ,0.0,%
前月比・前年比・前年度比,2026年6月,全国,1143 しらす干し,0.8,%
前月比・前年比・前年度比,2026年6月,全国,1144 干しあじ,1.7,%
前月比・前年比・前年度比,2026年6月,全国,1146 煮干し,0.3,%
前月比・前年比・前年度比,2026年6月,全国,1150 ししゃも,1.2,%
前月比・前年比・前年度比,2026年6月,全国,1167 いくら,0.5,%
前月比・前年比・前年度比,2026年6月,全国,0011 魚肉練製品,0.8,%
前月比・前年比・前年度比,2026年6月,全国,1151 揚げかまぼこ,0.1,%
前月比・前年比・前年度比,2026年6月,全国,1152 ちくわ,1.1,%
前月比・前年比・前年度比,2026年6月,全国,1153 かまぼこ,1.1,%
前月比・前年比・前年度比,2026年6月,全国,0012 他の魚介加工品,0.5,%
前月比・前年比・前年度比,2026年6月,全国,1161 かつお節,-0.8,%
前月比・前年比・前年度比,2026年6月,全国,1165 魚介漬物,0.8,%
前月比・前年比・前年度比,2026年6月,全国,1166 魚介つくだ煮,0.7,%
前月比・前年比・前年度比,2026年6月,全国,1173 魚介缶詰,0.5,%
前月比・前年比・前年度比,2026年6月,全国,0013 肉類,1.3,%
前月比・前年比・前年度比,2026年6月,全国,0014 生鮮肉,1.6,%
前月比・前年比・前年度比,2026年6月,全国,1201 牛肉（国産品）,0.4,%
前月比・前年比・前年度比,2026年6月,全国,1203 牛肉（輸入品）,3.6,%
前月比・前年比・前年度比,2026年6月,全国,1211 豚肉（国産品）,1.3,%
前月比・前年比・前年度比,2026年6月,全国,1214 豚肉（輸入品）,1.0,%
前月比・前年比・前年度比,2026年6月,全国,1221 鶏肉,1.8,%
前月比・前年比・前年度比,2026年6月,全国,0015 加工肉,0.2,%
前月比・前年比・前年度比,2026年6月,全国,1252 ハム,0.4,%
前月比・前年比・前年度比,2026年6月,全国,1261 ソーセージ,0.3,%
前月比・前年比・前年度比,2026年6月,全国,1271 ベーコン,-0.2,%
前月比・前年比・前年度比,2026年6月,全国,1292 味付け肉,-0.1,%
前月比・前年比・前年度比,2026年6月,全国,0016 乳卵類,0.6,%
前月比・前年比・前年度比,2026年6月,全国,0017 牛乳・乳製品,0.7,%
前月比・前年比・前年度比,2026年6月,全国,0018 牛乳,0.0,%
前月比・前年比・前年度比,2026年6月,全国,1303 牛乳,0.0,%
前月比・前年比・前年度比,2026年6月,全国,0019 乳製品,1.2,%
前月比・前年比・前年度比,2026年6月,全国,1311 粉ミルク,0.3,%
前月比・前年比・前年度比,2026年6月,全国,1333 ヨーグルト,0.2,%
前月比・前年比・前年度比,2026年6月,全国,1321 バター,0.3,%
前月比・前年比・前年度比,2026年6月,全国,1331 チーズ（国産品）,4.7,%
前月比・前年比・前年度比,2026年6月,全国,1332 チーズ（輸入品）,1.0,%
前月比・前年比・前年度比,2026年6月,全国,0020 卵,0.3,%
前月比・前年比・前年度比,2026年6月,全国,1341 鶏卵,0.3,%
前月比・前年比・前年度比,2026年6月,全国,0021 野菜・海藻,-3.0,%
前月比・前年比・前年度比,2026年6月,全国,0022 生鮮野菜,-5.0,%
前月比・前年比・前年度比,2026年6月,全国,1401 キャベツ,-15.2,%
前月比・前年比・前年度比,2026年6月,全国,1402 ほうれんそう,4.3,%
前月比・前年比・前年度比,2026年6月,全国,1403 はくさい,0.1,%
前月比・前年比・前年度比,2026年6月,全国,1405 ねぎ,12.3,%
前月比・前年比・前年度比,2026年6月,全国,1406 レタス,-11.0,%
前月比・前年比・前年度比,2026年6月,全国,1409 ブロッコリー,-1.2,%
前月比・前年比・前年度比,2026年6月,全国,1407 もやし,-0.1,%
前月比・前年比・前年度比,2026年6月,全国,1410 アスパラガス,-9.0,%
前月比・前年比・前年度比,2026年6月,全国,1411 さつまいも,3.2,%
前月比・前年比・前年度比,2026年6月,全国,1412 じゃがいも,-20.2,%
前月比・前年比・前年度比,2026年6月,全国,1413 さといも,33.2,%
前月比・前年比・前年度比,2026年6月,全国,1414 だいこん,2.0,%
前月比・前年比・前年度比,2026年6月,全国,1415 にんじん,-7.1,%
前月比・前年比・前年度比,2026年6月,全国,1416 ごぼう,-2.4,%
前月比・前年比・前年度比,2026年6月,全国,1417 たまねぎ,-23.1,%
前月比・前年比・前年度比,2026年6月,全国,1419 れんこん,65.0,%
前月比・前年比・前年度比,2026年6月,全国,1420 ながいも,0.8,%
前月比・前年比・前年度比,2026年6月,全国,1421 しょうが,-1.7,%
前月比・前年比・前年度比,2026年6月,全国,1432 さやいんげん,-8.0,%
前月比・前年比・前年度比,2026年6月,全国,1433 かぼちゃ,8.6,%
前月比・前年比・前年度比,2026年6月,全国,1434 きゅうり,-3.4,%
前月比・前年比・前年度比,2026年6月,全国,1435 なす,-6.2,%
前月比・前年比・前年度比,2026年6月,全国,1436 トマト,2.8,%
前月比・前年比・前年度比,2026年6月,全国,1437 ピーマン,-4.6,%
前月比・前年比・前年度比,2026年6月,全国,1438 生しいたけ,-0.7,%
前月比・前年比・前年度比,2026年6月,全国,1442 えのきたけ,-1.5,%
前月比・前年比・前年度比,2026年6月,全国,1443 しめじ,-3.2,%
前月比・前年比・前年度比,2026年6月,全国,1444 カット野菜,-0.1,%
前月比・前年比・前年度比,2026年6月,全国,0023 乾物・加工品類,0.7,%
前月比・前年比・前年度比,2026年6月,全国,0024 乾物・海藻,0.3,%
前月比・前年比・前年度比,2026年6月,全国,1453 干ししいたけ,0.6,%
前月比・前年比・前年度比,2026年6月,全国,1461 干しのり,0.1,%
前月比・前年比・前年度比,2026年6月,全国,1462 わかめ,-0.2,%
前月比・前年比・前年度比,2026年6月,全国,1463 こんぶ,2.0,%
前月比・前年比・前年度比,2026年6月,全国,1464 ひじき,-0.1,%
前月比・前年比・前年度比,2026年6月,全国,0025 大豆加工品,1.6,%
前月比・前年比・前年度比,2026年6月,全国,1471 豆腐,0.9,%
前月比・前年比・前年度比,2026年6月,全国,1472 油揚げ,0.6,%
前月比・前年比・前年度比,2026年6月,全国,1473 納豆,3.3,%
前月比・前年比・前年度比,2026年6月,全国,0026 他の野菜・海藻加工品,0.1,%
前月比・前年比・前年度比,2026年6月,全国,1481 こんにゃく,1.7,%
前月比・前年比・前年度比,2026年6月,全国,1482 梅干し,-0.4,%
前月比・前年比・前年度比,2026年6月,全国,1483 だいこん漬,0.1,%
前月比・前年比・前年度比,2026年6月,全国,1486 はくさい漬,0.9,%
前月比・前年比・前年度比,2026年6月,全国,1487 キムチ,0.4,%
前月比・前年比・前年度比,2026年6月,全国,1485 こんぶつくだ煮,-1.1,%
前月比・前年比・前年度比,2026年6月,全国,1491 野菜缶詰,-0.3,%
前月比・前年比・前年度比,2026年6月,全国,0027 果物,1.1,%
前月比・前年比・前年度比,2026年6月,全国,0028 生鮮果物,1.3,%
前月比・前年比・前年度比,2026年6月,全国,1502 りんご,13.8,%
前月比・前年比・前年度比,2026年6月,全国,1515 オレンジ,0.2,%
前月比・前年比・前年度比,2026年6月,全国,1561 すいか,-11.3,%
前月比・前年比・前年度比,2026年6月,全国,1563 メロン,-15.1,%
前月比・前年比・前年度比,2026年6月,全国,1581 バナナ,1.3,%
前月比・前年比・前年度比,2026年6月,全国,1582 キウイフルーツ,-1.0,%
前月比・前年比・前年度比,2026年6月,全国,1583 アボカド,-3.9,%
前月比・前年比・前年度比,2026年6月,全国,0029 果物加工品,-0.8,%
前月比・前年比・前年度比,2026年6月,全国,1594 ナッツ,-0.8,%
前月比・前年比・前年度比,2026年6月,全国,0030 油脂・調味料,1.4,%
前月比・前年比・前年度比,2026年6月,全国,0031 油脂,2.0,%
前月比・前年比・前年度比,2026年6月,全国,1601 食用油,1.7,%
前月比・前年比・前年度比,2026年6月,全国,1602 マーガリン,4.9,%
前月比・前年比・前年度比,2026年6月,全国,0032 調味料,1.3,%
前月比・前年比・前年度比,2026年6月,全国,1611 食塩,0.5,%
前月比・前年比・前年度比,2026年6月,全国,1621 しょう油,-1.4,%
前月比・前年比・前年度比,2026年6月,全国,1631 みそ,0.0,%
前月比・前年比・前年度比,2026年6月,全国,1632 砂糖,-0.2,%
前月比・前年比・前年度比,2026年6月,全国,1633 酢,-0.4,%
前月比・前年比・前年度比,2026年6月,全国,1641 ソース,0.5,%
前月比・前年比・前年度比,2026年6月,全国,1642 ケチャップ,-0.2,%
前月比・前年比・前年度比,2026年6月,全国,1643 マヨネーズ,-0.2,%
前月比・前年比・前年度比,2026年6月,全国,1645 ドレッシング,0.9,%
前月比・前年比・前年度比,2026年6月,全国,1644 ジャム,0.2,%
前月比・前年比・前年度比,2026年6月,全国,1652 カレールウ,-1.2,%
前月比・前年比・前年度比,2026年6月,全国,1653 乾燥スープ,3.9,%
前月比・前年比・前年度比,2026年6月,全国,1654 風味調味料,1.0,%
前月比・前年比・前年度比,2026年6月,全国,1656 ふりかけ,-1.0,%
前月比・前年比・前年度比,2026年6月,全国,1655 たれ,1.3,%
前月比・前年比・前年度比,2026年6月,全国,1659 つゆ,2.8,%
前月比・前年比・前年度比,2026年6月,全国,1657 合わせ調味料,8.7,%
前月比・前年比・前年度比,2026年6月,全国,1658 パスタソース,-1.2,%
前月比・前年比・前年度比,2026年6月,全国,0033 菓子類,-0.1,%
前月比・前年比・前年度比,2026年6月,全国,1701 ようかん,0.0,%
前月比・前年比・前年度比,2026年6月,全国,1702 まんじゅう,-6.1,%
前月比・前年比・前年度比,2026年6月,全国,1703 だいふく餅,-4.3,%
前月比・前年比・前年度比,2026年6月,全国,1711 カステラ,0.8,%
前月比・前年比・前年度比,2026年6月,全国,1712 ケーキ,0.1,%
前月比・前年比・前年度比,2026年6月,全国,1784 ゼリー,1.2,%
前月比・前年比・前年度比,2026年6月,全国,1714 プリン,0.2,%
前月比・前年比・前年度比,2026年6月,全国,1713 シュークリーム,-0.5,%
前月比・前年比・前年度比,2026年6月,全国,1715 ロールケーキ,0.1,%
前月比・前年比・前年度比,2026年6月,全国,1741 せんべい,2.2,%
前月比・前年比・前年度比,2026年6月,全国,1721 ビスケット,-1.3,%
前月比・前年比・前年度比,2026年6月,全国,1783 ポテトチップス,2.5,%
前月比・前年比・前年度比,2026年6月,全国,1732 キャンデー,0.7,%
前月比・前年比・前年度比,2026年6月,全国,1761 チョコレート,-0.2,%
前月比・前年比・前年度比,2026年6月,全国,1782 アイスクリーム,0.7,%
前月比・前年比・前年度比,2026年6月,全国,1772 落花生,-0.2,%
前月比・前年比・前年度比,2026年6月,全国,1781 チューインガム,-0.2,%
前月比・前年比・前年度比,2026年6月,全国,0034 調理食品,0.3,%
前月比・前年比・前年度比,2026年6月,全国,0035 主食的調理食品,0.1,%
前月比・前年比・前年度比,2026年6月,全国,1795 すし（弁当）Ａ,0.4,%
前月比・前年比・前年度比,2026年6月,全国,1798 すし（弁当）Ｂ,-0.1,%
前月比・前年比・前年度比,2026年6月,全国,1791 弁当Ａ,0.3,%
前月比・前年比・前年度比,2026年6月,全国,1797 弁当Ｂ,-0.6,%
前月比・前年比・前年度比,2026年6月,全国,1793 おにぎり,0.1,%
前月比・前年比・前年度比,2026年6月,全国,1792 調理パン,1.0,%
前月比・前年比・前年度比,2026年6月,全国,1794 冷凍米飯,-0.7,%
前月比・前年比・前年度比,2026年6月,全国,1796 調理パスタ,0.8,%
前月比・前年比・前年度比,2026年6月,全国,1799 調理ピザ,-1.3,%
前月比・前年比・前年度比,2026年6月,全国,1790 無菌包装米飯,0.2,%
前月比・前年比・前年度比,2026年6月,全国,0036 他の調理食品,0.5,%
前月比・前年比・前年度比,2026年6月,全国,1801 うなぎかば焼き,0.3,%
前月比・前年比・前年度比,2026年6月,全国,1811 サラダ,0.6,%
前月比・前年比・前年度比,2026年6月,全国,1821 コロッケ,0.2,%
前月比・前年比・前年度比,2026年6月,全国,1831 豚カツ,-0.4,%
前月比・前年比・前年度比,2026年6月,全国,1842 からあげ,1.6,%
前月比・前年比・前年度比,2026年6月,全国,1881 ぎょうざ,0.0,%
前月比・前年比・前年度比,2026年6月,全国,1843 やきとり,0.1,%
前月比・前年比・前年度比,2026年6月,全国,1844 ハンバーグ,1.0,%
前月比・前年比・前年度比,2026年6月,全国,1851 冷凍調理コロッケ,2.9,%
前月比・前年比・前年度比,2026年6月,全国,1852 冷凍調理ハンバーグ,-1.7,%
前月比・前年比・前年度比,2026年6月,全国,1853 冷凍ぎょうざ,-4.4,%
前月比・前年比・前年度比,2026年6月,全国,1871 調理カレー,3.2,%
前月比・前年比・前年度比,2026年6月,全国,1891 混ぜごはんのもと,4.6,%
前月比・前年比・前年度比,2026年6月,全国,1812 煮豆,0.6,%
前月比・前年比・前年度比,2026年6月,全国,1802 焼き魚,-0.5,%
前月比・前年比・前年度比,2026年6月,全国,1813 きんぴら,-0.9,%
前月比・前年比・前年度比,2026年6月,全国,1814 焼豚,-0.5,%
前月比・前年比・前年度比,2026年6月,全国,1892 サラダチキン,1.5,%
前月比・前年比・前年度比,2026年6月,全国,1893 おでん,0.0,%
前月比・前年比・前年度比,2026年6月,全国,0037 飲料,-0.6,%
前月比・前年比・前年度比,2026年6月,全国,0038 茶類,0.7,%
前月比・前年比・前年度比,2026年6月,全国,1902 緑茶,2.5,%
前月比・前年比・前年度比,2026年6月,全国,1911 紅茶,-1.6,%
前月比・前年比・前年度比,2026年6月,全国,1914 茶飲料,-0.3,%
前月比・前年比・前年度比,2026年6月,全国,0039 コーヒー・ココア,-1.8,%
前月比・前年比・前年度比,2026年6月,全国,1921 インスタントコーヒー,-0.3,%
前月比・前年比・前年度比,2026年6月,全国,1922 コーヒー豆,-3.5,%
前月比・前年比・前年度比,2026年6月,全国,1923 コーヒー飲料Ａ,-1.2,%
前月比・前年比・前年度比,2026年6月,全国,1924 コーヒー飲料Ｂ,0.0,%
前月比・前年比・前年度比,2026年6月,全国,0040 他の飲料,-0.5,%
前月比・前年比・前年度比,2026年6月,全国,1930 果実ジュース,1.4,%
前月比・前年比・前年度比,2026年6月,全国,1931 果汁入り飲料,0.3,%
前月比・前年比・前年度比,2026年6月,全国,1941 野菜ジュース,-1.1,%
前月比・前年比・前年度比,2026年6月,全国,1951 炭酸飲料,-1.2,%
前月比・前年比・前年度比,2026年6月,全国,1952 ノンアルコールビール,0.0,%
前月比・前年比・前年度比,2026年6月,全国,1972 乳酸菌飲料,0.0,%
前月比・前年比・前年度比,2026年6月,全国,1982 ミネラルウォーター,-0.8,%
前月比・前年比・前年度比,2026年6月,全国,1984 宅配水,0.0,%
前月比・前年比・前年度比,2026年6月,全国,1981 スポーツドリンク,-0.2,%
前月比・前年比・前年度比,2026年6月,全国,1983 豆乳,-2.1,%
前月比・前年比・前年度比,2026年6月,全国,0041 酒類,-0.3,%
前月比・前年比・前年度比,2026年6月,全国,2003 清酒,0.1,%
前月比・前年比・前年度比,2026年6月,全国,2011 焼酎,0.0,%
前月比・前年比・前年度比,2026年6月,全国,2021 ビール,-0.2,%
前月比・前年比・前年度比,2026年6月,全国,2026 発泡酒,-0.6,%
前月比・前年比・前年度比,2026年6月,全国,2033 ウイスキー,-1.0,%
前月比・前年比・前年度比,2026年6月,全国,2041 ワイン（国産品）,-1.7,%
前月比・前年比・前年度比,2026年6月,全国,2042 ワイン（輸入品）,0.4,%
前月比・前年比・前年度比,2026年6月,全国,2012 チューハイ,0.0,%
前月比・前年比・前年度比,2026年6月,全国,2027 ビール風アルコール飲料,-1.1,%
前月比・前年比・前年度比,2026年6月,全国,0042 外食,0.5,%
前月比・前年比・前年度比,2026年6月,全国,0043 一般外食,0.5,%
前月比・前年比・前年度比,2026年6月,全国,2101 うどん（外食）,0.1,%
前月比・前年比・前年度比,2026年6月,全国,2103 日本そば（外食）,0.2,%
前月比・前年比・前年度比,2026年6月,全国,2102 中華そば（外食）,0.1,%
前月比・前年比・前年度比,2026年6月,全国,2112 スパゲッティ（外食）,0.5,%
前月比・前年比・前年度比,2026年6月,全国,2123 すし（外食）Ａ,4.1,%
前月比・前年比・前年度比,2026年6月,全国,2121 すし（外食）Ｂ,0.4,%
前月比・前年比・前年度比,2026年6月,全国,2132 天丼（外食）,0.5,%
前月比・前年比・前年度比,2026年6月,全国,2133 カレーライス（外食）,0.1,%
前月比・前年比・前年度比,2026年6月,全国,2136 牛丼（外食）,0.0,%
前月比・前年比・前年度比,2026年6月,全国,2142 豚カツ定食（外食）,0.3,%
前月比・前年比・前年度比,2026年6月,全国,2146 しょうが焼き定食（外食）,0.1,%
前月比・前年比・前年度比,2026年6月,全国,2164 フライドチキン（外食）,0.0,%
前月比・前年比・前年度比,2026年6月,全国,2134 ぎょうざ（外食）,0.0,%
前月比・前年比・前年度比,2026年6月,全国,2141 ハンバーグ（外食）,0.2,%
前月比・前年比・前年度比,2026年6月,全国,2145 焼肉（外食）,0.8,%
前月比・前年比・前年度比,2026年6月,全国,2135 ハンバーガー（外食）,0.0,%
前月比・前年比・前年度比,2026年6月,全国,2161 サンドイッチ（外食）,0.7,%
前月比・前年比・前年度比,2026年6月,全国,2144 ピザ（配達）,0.8,%
前月比・前年比・前年度比,2026年6月,全国,2163 ドーナツ（外食）,0.0,%
前月比・前年比・前年度比,2026年6月,全国,2162 コーヒー（外食）Ａ,0.2,%
前月比・前年比・前年度比,2026年6月,全国,2165 コーヒー（外食）Ｂ,0.0,%
前月比・前年比・前年度比,2026年6月,全国,2171 ビール（外食）,0.2,%
前月比・前年比・前年度比,2026年6月,全国,2172 やきとり（外食）,0.6,%
前月比・前年比・前年度比,2026年6月,全国,0044 学校給食,0.4,%
前月比・前年比・前年度比,2026年6月,全国,2182 学校給食（小学校）,6.3,%
前月比・前年比・前年度比,2026年6月,全国,2183 学校給食（中学校）,0.1,%
前月比・前年比・前年度比,2026年6月,全国,0045 住居,0.1,%
前月比・前年比・前年度比,2026年6月,全国,0046 家賃,0.0,%
前月比・前年比・前年度比,2026年6月,全国,0047 民営家賃,0.1,%
前月比・前年比・前年度比,2026年6月,全国,3000 民営家賃,0.1,%
前月比・前年比・前年度比,2026年6月,全国,0048 公営・都市再生機構・公社家賃,-0.1,%
前月比・前年比・前年度比,2026年6月,全国,3016 公営家賃,-0.3,%
前月比・前年比・前年度比,2026年6月,全国,3017 都市再生機構・公社家賃,0.1,%
前月比・前年比・前年度比,2026年6月,全国,0050 持家の帰属家賃,0.0,%
前月比・前年比・前年度比,2026年6月,全国,3030 持家の帰属家賃,0.0,%
前月比・前年比・前年度比,2026年6月,全国,0051 設備修繕・維持,0.4,%
前月比・前年比・前年度比,2026年6月,全国,0052 設備材料,0.2,%
前月比・前年比・前年度比,2026年6月,全国,3101 システムバス,0.6,%
前月比・前年比・前年度比,2026年6月,全国,3103 温水洗浄便座,-0.1,%
前月比・前年比・前年度比,2026年6月,全国,3104 給湯器,0.1,%
前月比・前年比・前年度比,2026年6月,全国,3105 システムキッチン,0.2,%
前月比・前年比・前年度比,2026年6月,全国,3106 カーポート,0.5,%
前月比・前年比・前年度比,2026年6月,全国,3121 修繕材料,0.1,%
前月比・前年比・前年度比,2026年6月,全国,0053 工事その他のサービス,0.5,%
前月比・前年比・前年度比,2026年6月,全国,3151 畳替え代,1.3,%
前月比・前年比・前年度比,2026年6月,全国,3176 水道工事費,0.6,%
前月比・前年比・前年度比,2026年6月,全国,3175 塀工事費,0.9,%
前月比・前年比・前年度比,2026年6月,全国,3178 外壁塗装費,1.5,%
前月比・前年比・前年度比,2026年6月,全国,3162 屋根修理費,0.2,%
前月比・前年比・前年度比,2026年6月,全国,3174 植木職手間代,0.1,%
前月比・前年比・前年度比,2026年6月,全国,3171 ふすま張替費,0.5,%
前月比・前年比・前年度比,2026年6月,全国,3172 大工手間代,0.1,%
前月比・前年比・前年度比,2026年6月,全国,3179 駐車場工事費,-0.1,%
前月比・前年比・前年度比,2026年6月,全国,3185 壁紙張替費,1.0,%
前月比・前年比・前年度比,2026年6月,全国,3180 火災・地震保険料,0.0,%
前月比・前年比・前年度比,2026年6月,全国,0054 光熱・水道,0.1,%
前月比・前年比・前年度比,2026年6月,全国,0056 電気代,0.2,%
前月比・前年比・前年度比,2026年6月,全国,3500 電気代,0.2,%
前月比・前年比・前年度比,2026年6月,全国,0057 ガス代,0.8,%
前月比・前年比・前年度比,2026年6月,全国,3600 都市ガス代,0.4,%
前月比・前年比・前年度比,2026年6月,全国,3612 プロパンガス,1.5,%
前月比・前年比・前年度比,2026年6月,全国,0058 他の光熱,0.1,%
前月比・前年比・前年度比,2026年6月,全国,3701 灯油,0.1,%
前月比・前年比・前年度比,2026年6月,全国,0059 上下水道料,-0.7,%
前月比・前年比・前年度比,2026年6月,全国,3810 水道料,-1.0,%
前月比・前年比・前年度比,2026年6月,全国,4610 下水道料,-0.3,%
前月比・前年比・前年度比,2026年6月,全国,0060 家具・家事用品,0.4,%
前月比・前年比・前年度比,2026年6月,全国,0061 家庭用耐久財,1.0,%
前月比・前年比・前年度比,2026年6月,全国,0062 家事用耐久財,4.2,%
前月比・前年比・前年度比,2026年6月,全国,4003 電子レンジ,5.9,%
前月比・前年比・前年度比,2026年6月,全国,4002 電気炊飯器,0.9,%
前月比・前年比・前年度比,2026年6月,全国,4011 ガステーブル,0.6,%
前月比・前年比・前年度比,2026年6月,全国,4021 電気冷蔵庫,-2.7,%
前月比・前年比・前年度比,2026年6月,全国,4032 電気掃除機,0.0,%
前月比・前年比・前年度比,2026年6月,全国,4042 電気洗濯機（全自動洗濯機）,36.1,%
前月比・前年比・前年度比,2026年6月,全国,4043 電気洗濯機（洗濯乾燥機）,-1.5,%
前月比・前年比・前年度比,2026年6月,全国,0063 冷暖房用器具,-2.1,%
前月比・前年比・前年度比,2026年6月,全国,4063 ルームエアコン,-2.3,%
前月比・前年比・前年度比,2026年6月,全国,4072 温風ヒーター,0.0,%
前月比・前年比・前年度比,2026年6月,全国,4075 空気清浄機,-1.1,%
前月比・前年比・前年度比,2026年6月,全国,0064 一般家具,0.5,%
前月比・前年比・前年度比,2026年6月,全国,4092 食堂セット,0.3,%
前月比・前年比・前年度比,2026年6月,全国,4093 ソファ,0.5,%
前月比・前年比・前年度比,2026年6月,全国,4083 食器戸棚,0.8,%
前月比・前年比・前年度比,2026年6月,全国,0066 室内装備品,0.3,%
前月比・前年比・前年度比,2026年6月,全国,4115 照明器具,0.3,%
前月比・前年比・前年度比,2026年6月,全国,4121 カーペット,0.8,%
前月比・前年比・前年度比,2026年6月,全国,4141 カーテン,-0.2,%
前月比・前年比・前年度比,2026年6月,全国,4142 クッション,-0.1,%
前月比・前年比・前年度比,2026年6月,全国,0070 寝具類,-1.0,%
前月比・前年比・前年度比,2026年6月,全国,4201 ベッド,-2.5,%
前月比・前年比・前年度比,2026年6月,全国,4211 布団,0.3,%
前月比・前年比・前年度比,2026年6月,全国,4251 敷布,-0.7,%
前月比・前年比・前年度比,2026年6月,全国,4271 布団カバー,-0.8,%
前月比・前年比・前年度比,2026年6月,全国,4272 敷きパッド,-1.3,%
前月比・前年比・前年度比,2026年6月,全国,0073 家事雑貨,0.0,%
前月比・前年比・前年度比,2026年6月,全国,0074 食器類,0.6,%
前月比・前年比・前年度比,2026年6月,全国,4301 茶わん,0.1,%
前月比・前年比・前年度比,2026年6月,全国,4302 皿,0.9,%
前月比・前年比・前年度比,2026年6月,全国,0075 台所用品,0.4,%
前月比・前年比・前年度比,2026年6月,全国,4326 水筒,1.7,%
前月比・前年比・前年度比,2026年6月,全国,4331 鍋,0.7,%
前月比・前年比・前年度比,2026年6月,全国,4334 フライパン,-0.3,%
前月比・前年比・前年度比,2026年6月,全国,4342 スポンジたわし,0.4,%
前月比・前年比・前年度比,2026年6月,全国,0076 他の家事雑貨,-0.4,%
前月比・前年比・前年度比,2026年6月,全国,4352 電球・ランプ,-3.3,%
前月比・前年比・前年度比,2026年6月,全国,4361 タオル,-0.2,%
前月比・前年比・前年度比,2026年6月,全国,4362 マット,0.2,%
前月比・前年比・前年度比,2026年6月,全国,4372 物干し用ハンガー,0.2,%
前月比・前年比・前年度比,2026年6月,全国,4373 収納ケース,1.4,%
前月比・前年比・前年度比,2026年6月,全国,0077 家事用消耗品,0.3,%
前月比・前年比・前年度比,2026年6月,全国,0078 ティシュ・トイレットペーパー,-0.2,%
前月比・前年比・前年度比,2026年6月,全国,4412 ティシュペーパー,-0.3,%
前月比・前年比・前年度比,2026年6月,全国,4413 トイレットペーパー,-0.2,%
前月比・前年比・前年度比,2026年6月,全国,0079 洗剤,0.9,%
前月比・前年比・前年度比,2026年6月,全国,4431 台所用洗剤,0.5,%
前月比・前年比・前年度比,2026年6月,全国,4441 洗濯用洗剤,1.0,%
前月比・前年比・前年度比,2026年6月,全国,0080 他の家事用消耗品,0.2,%
前月比・前年比・前年度比,2026年6月,全国,4401 ラップ,0.5,%
前月比・前年比・前年度比,2026年6月,全国,4402 ポリ袋,0.7,%
前月比・前年比・前年度比,2026年6月,全国,4451 殺虫剤,0.0,%
前月比・前年比・前年度比,2026年6月,全国,4442 柔軟仕上剤,0.1,%
前月比・前年比・前年度比,2026年6月,全国,4471 芳香・消臭剤,0.3,%
前月比・前年比・前年度比,2026年6月,全国,4403 キッチンペーパー,-0.5,%
前月比・前年比・前年度比,2026年6月,全国,4472 漂白剤,-0.1,%
前月比・前年比・前年度比,2026年6月,全国,0081 家事サービス,0.0,%
前月比・前年比・前年度比,2026年6月,全国,0174 家事代行料,-0.1,%
前月比・前年比・前年度比,2026年6月,全国,4501 家事代行料,-0.1,%
前月比・前年比・前年度比,2026年6月,全国,0175 清掃代,0.0,%
前月比・前年比・前年度比,2026年6月,全国,4521 リサイクル料金,0.0,%
前月比・前年比・前年度比,2026年6月,全国,4515 浄化槽清掃代,0.0,%
前月比・前年比・前年度比,2026年6月,全国,0176 他の家事サービス,0.0,%
前月比・前年比・前年度比,2026年6月,全国,4701 モップレンタル料,0.0,%
前月比・前年比・前年度比,2026年6月,全国,0082 被服及び履物,-0.2,%
前月比・前年比・前年度比,2026年6月,全国,0083 衣料,0.0,%
前月比・前年比・前年度比,2026年6月,全国,0084 和服,0.1,%
前月比・前年比・前年度比,2026年6月,全国,5011 婦人用着物,0.0,%
前月比・前年比・前年度比,2026年6月,全国,5041 婦人用帯,0.1,%
前月比・前年比・前年度比,2026年6月,全国,0085 洋服,0.0,%
前月比・前年比・前年度比,2026年6月,全国,0086 男子用洋服,-0.1,%
前月比・前年比・前年度比,2026年6月,全国,5101 背広服（春夏物，中級品）,-0.5,%
前月比・前年比・前年度比,2026年6月,全国,5103 背広服（春夏物，普通品）,-0.7,%
前月比・前年比・前年度比,2026年6月,全国,5102 背広服（秋冬物，中級品）,0.0,%
前月比・前年比・前年度比,2026年6月,全国,5104 背広服（秋冬物，普通品）,0.0,%
前月比・前年比・前年度比,2026年6月,全国,5111 男子用上着,0.0,%
前月比・前年比・前年度比,2026年6月,全国,5122 男子用ズボン（春夏物）,0.2,%
前月比・前年比・前年度比,2026年6月,全国,5121 男子用ズボン（秋冬物）,0.0,%
前月比・前年比・前年度比,2026年6月,全国,5123 男子用ズボン（ジーンズ）,-0.3,%
前月比・前年比・前年度比,2026年6月,全国,5131 男子用コート,0.0,%
前月比・前年比・前年度比,2026年6月,全国,5141 男子用学校制服,0.0,%
前月比・前年比・前年度比,2026年6月,全国,0087 婦人用洋服,0.1,%
前月比・前年比・前年度比,2026年6月,全国,5166 婦人用スーツ（春夏物，中級品）,-0.1,%
前月比・前年比・前年度比,2026年6月,全国,5167 婦人用スーツ（春夏物，普通品）,-1.3,%
前月比・前年比・前年度比,2026年6月,全国,5162 婦人用スーツ（秋冬物，中級品）,0.0,%
前月比・前年比・前年度比,2026年6月,全国,5168 婦人用スーツ（秋冬物，普通品）,0.0,%
前月比・前年比・前年度比,2026年6月,全国,5161 ワンピース（春夏物）,0.2,%
前月比・前年比・前年度比,2026年6月,全国,5163 ワンピース（秋冬物）,0.0,%
前月比・前年比・前年度比,2026年6月,全国,5183 婦人用上着,0.0,%
前月比・前年比・前年度比,2026年6月,全国,5169 スカート（春夏物）,-0.3,%
前月比・前年比・前年度比,2026年6月,全国,5172 スカート（秋冬物）,0.0,%
前月比・前年比・前年度比,2026年6月,全国,5181 婦人用スラックス（秋冬物）,0.0,%
前月比・前年比・前年度比,2026年6月,全国,5179 婦人用スラックス（ジーンズ）,0.7,%
前月比・前年比・前年度比,2026年6月,全国,5182 婦人用コート,0.0,%
前月比・前年比・前年度比,2026年6月,全国,5184 女子用学校制服,0.0,%
前月比・前年比・前年度比,2026年6月,全国,0088 子供用洋服,-0.2,%
前月比・前年比・前年度比,2026年6月,全国,5195 子供用ズボン（春夏物）,-0.6,%
前月比・前年比・前年度比,2026年6月,全国,5196 子供用ズボン（秋冬物）,0.0,%
前月比・前年比・前年度比,2026年6月,全国,5193 乳児服,0.1,%
前月比・前年比・前年度比,2026年6月,全国,0089 シャツ・セーター・下着類,-0.5,%
前月比・前年比・前年度比,2026年6月,全国,0090 シャツ・セーター類,-0.6,%
前月比・前年比・前年度比,2026年6月,全国,0091 男子用シャツ・セーター類,0.0,%
前月比・前年比・前年度比,2026年6月,全国,5202 ワイシャツ,-0.1,%
前月比・前年比・前年度比,2026年6月,全国,5211 男子用スポーツシャツ（長袖）,0.0,%
前月比・前年比・前年度比,2026年6月,全国,5212 男子用スポーツシャツ（半袖）,0.0,%
前月比・前年比・前年度比,2026年6月,全国,5221 男子用セーター,0.0,%
前月比・前年比・前年度比,2026年6月,全国,0092 婦人用シャツ・セーター類,-0.8,%
前月比・前年比・前年度比,2026年6月,全国,5231 ブラウス（長袖）,0.0,%
前月比・前年比・前年度比,2026年6月,全国,5232 ブラウス（半袖）,-3.3,%
前月比・前年比・前年度比,2026年6月,全国,5233 婦人用Ｔシャツ（長袖）,0.0,%
前月比・前年比・前年度比,2026年6月,全国,5234 婦人用Ｔシャツ（半袖）,-1.0,%
前月比・前年比・前年度比,2026年6月,全国,5241 婦人用セーター（長袖）,0.0,%
前月比・前年比・前年度比,2026年6月,全国,5242 婦人用セーター（半袖）,-2.2,%
前月比・前年比・前年度比,2026年6月,全国,0093 子供用シャツ・セーター類,-1.2,%
前月比・前年比・前年度比,2026年6月,全国,5243 子供用Ｔシャツ（長袖）,0.0,%
前月比・前年比・前年度比,2026年6月,全国,5244 子供用Ｔシャツ（半袖）,-2.2,%
前月比・前年比・前年度比,2026年6月,全国,0094 下着類,-0.4,%
前月比・前年比・前年度比,2026年6月,全国,0095 男子用下着類,-0.1,%
前月比・前年比・前年度比,2026年6月,全国,5301 男子用シャツ（半袖）,-0.8,%
前月比・前年比・前年度比,2026年6月,全国,5311 男子用パンツ,0.3,%
前月比・前年比・前年度比,2026年6月,全国,5331 男子用パジャマ,1.3,%
前月比・前年比・前年度比,2026年6月,全国,0096 婦人用下着類,-0.4,%
前月比・前年比・前年度比,2026年6月,全国,5341 ブラジャー,0.0,%
前月比・前年比・前年度比,2026年6月,全国,5351 婦人用ショーツ,0.1,%
前月比・前年比・前年度比,2026年6月,全国,5361 ランジェリー,-1.0,%
前月比・前年比・前年度比,2026年6月,全国,0097 子供用下着類,-0.8,%
前月比・前年比・前年度比,2026年6月,全国,5372 子供用下着,-0.8,%
前月比・前年比・前年度比,2026年6月,全国,0098 履物類,-0.2,%
前月比・前年比・前年度比,2026年6月,全国,5601 男子靴,-0.8,%
前月比・前年比・前年度比,2026年6月,全国,5611 婦人靴,0.0,%
前月比・前年比・前年度比,2026年6月,全国,5641 子供靴,-0.1,%
前月比・前年比・前年度比,2026年6月,全国,5631 運動靴,-0.2,%
前月比・前年比・前年度比,2026年6月,全国,5671 サンダル,-0.5,%
前月比・前年比・前年度比,2026年6月,全国,5652 スリッパ,0.3,%
前月比・前年比・前年度比,2026年6月,全国,0103 他の被服,-0.1,%
前月比・前年比・前年度比,2026年6月,全国,5501 帽子,-0.2,%
前月比・前年比・前年度比,2026年6月,全国,5511 ネクタイ,0.0,%
前月比・前年比・前年度比,2026年6月,全国,5572 マフラー,0.0,%
前月比・前年比・前年度比,2026年6月,全国,5521 男子用靴下,-0.5,%
前月比・前年比・前年度比,2026年6月,全国,5531 婦人用ストッキング,-0.1,%
前月比・前年比・前年度比,2026年6月,全国,5541 婦人用ソックス,0.0,%
前月比・前年比・前年度比,2026年6月,全国,5571 ベルト,0.3,%
前月比・前年比・前年度比,2026年6月,全国,0106 被服関連サービス,0.3,%
前月比・前年比・前年度比,2026年6月,全国,5711 クリーニング代Ａ,0.2,%
前月比・前年比・前年度比,2026年6月,全国,5712 クリーニング代Ｂ,0.5,%
前月比・前年比・前年度比,2026年6月,全国,5721 履物修理代,0.1,%
前月比・前年比・前年度比,2026年6月,全国,5731 被服賃借料,0.0,%
前月比・前年比・前年度比,2026年6月,全国,0107 保健医療,1.3,%
前月比・前年比・前年度比,2026年6月,全国,0108 医薬品・健康保持用摂取品,0.5,%
前月比・前年比・前年度比,2026年6月,全国,6001 総合かぜ薬,-0.1,%
前月比・前年比・前年度比,2026年6月,全国,6002 解熱鎮痛剤,0.0,%
前月比・前年比・前年度比,2026年6月,全国,6012 胃腸薬,7.7,%
前月比・前年比・前年度比,2026年6月,全国,6021 ビタミン剤Ａ,0.1,%
前月比・前年比・前年度比,2026年6月,全国,6022 ビタミン剤Ｂ,-0.1,%
前月比・前年比・前年度比,2026年6月,全国,6031 ドリンク剤,-0.8,%
前月比・前年比・前年度比,2026年6月,全国,6051 皮膚病薬,0.4,%
前月比・前年比・前年度比,2026年6月,全国,6061 はり薬,-0.1,%
前月比・前年比・前年度比,2026年6月,全国,6062 目薬,1.5,%
前月比・前年比・前年度比,2026年6月,全国,6091 漢方薬,0.0,%
前月比・前年比・前年度比,2026年6月,全国,6003 鼻炎薬,0.0,%
前月比・前年比・前年度比,2026年6月,全国,6090 健康保持用摂取品Ａ,0.0,%
前月比・前年比・前年度比,2026年6月,全国,6094 健康保持用摂取品Ｂ,0.0,%
前月比・前年比・前年度比,2026年6月,全国,0109 保健医療用品・器具,0.3,%
前月比・前年比・前年度比,2026年6月,全国,6141 紙おむつ（乳幼児用）,0.4,%
前月比・前年比・前年度比,2026年6月,全国,6142 紙おむつ（大人用）,-0.3,%
前月比・前年比・前年度比,2026年6月,全国,6101 生理用ナプキン,0.0,%
前月比・前年比・前年度比,2026年6月,全国,6095 入浴剤,-0.8,%
前月比・前年比・前年度比,2026年6月,全国,6181 コンタクトレンズ用剤,0.1,%
前月比・前年比・前年度比,2026年6月,全国,6102 マスク,0.6,%
前月比・前年比・前年度比,2026年6月,全国,6182 軽度失禁用品,1.4,%
前月比・前年比・前年度比,2026年6月,全国,6121 眼鏡,0.5,%
前月比・前年比・前年度比,2026年6月,全国,6161 コンタクトレンズ,0.2,%
前月比・前年比・前年度比,2026年6月,全国,6171 血圧計,1.5,%
前月比・前年比・前年度比,2026年6月,全国,6172 補聴器,-0.1,%
前月比・前年比・前年度比,2026年6月,全国,6173 サポーター,-0.1,%
前月比・前年比・前年度比,2026年6月,全国,0110 保健医療サービス,2.1,%
前月比・前年比・前年度比,2026年6月,全国,6200 診療代,2.4,%
前月比・前年比・前年度比,2026年6月,全国,6221 マッサージ料金,0.0,%
前月比・前年比・前年度比,2026年6月,全国,6222 人間ドック受診料,0.3,%
前月比・前年比・前年度比,2026年6月,全国,6223 予防接種料,0.0,%
前月比・前年比・前年度比,2026年6月,全国,0111 交通・通信,0.4,%
前月比・前年比・前年度比,2026年6月,全国,0112 交通,-0.9,%
前月比・前年比・前年度比,2026年6月,全国,0179 鉄道運賃（ＪＲ）,-1.3,%
前月比・前年比・前年度比,2026年6月,全国,7527 普通運賃（ＪＲ）,0.0,%
前月比・前年比・前年度比,2026年6月,全国,7528 料金（ＪＲ，在来線）,-6.5,%
前月比・前年比・前年度比,2026年6月,全国,7530 料金（ＪＲ，新幹線）,-4.0,%
前月比・前年比・前年度比,2026年6月,全国,7029 通学定期（ＪＲ）,0.0,%
前月比・前年比・前年度比,2026年6月,全国,7030 通勤定期（ＪＲ）,0.0,%
前月比・前年比・前年度比,2026年6月,全国,0180 鉄道運賃（ＪＲ以外）,0.0,%
前月比・前年比・前年度比,2026年6月,全国,7008 普通運賃（ＪＲ以外）,0.0,%
前月比・前年比・前年度比,2026年6月,全国,7009 通学定期（ＪＲ以外）,0.0,%
前月比・前年比・前年度比,2026年6月,全国,7010 通勤定期（ＪＲ以外）,0.0,%
前月比・前年比・前年度比,2026年6月,全国,0181 他の交通,-1.1,%
前月比・前年比・前年度比,2026年6月,全国,7050 一般路線バス代,0.0,%
前月比・前年比・前年度比,2026年6月,全国,7057 高速バス代,0.0,%
前月比・前年比・前年度比,2026年6月,全国,7060 タクシー代,0.2,%
前月比・前年比・前年度比,2026年6月,全国,7070 航空運賃,-3.1,%
前月比・前年比・前年度比,2026年6月,全国,0182 有料道路料,-1.4,%
前月比・前年比・前年度比,2026年6月,全国,7363 高速自動車国道料金,-1.9,%
前月比・前年比・前年度比,2026年6月,全国,7364 都市高速道路料金,0.0,%
前月比・前年比・前年度比,2026年6月,全国,0113 自動車等関係費,0.4,%
前月比・前年比・前年度比,2026年6月,全国,0114 自動車,0.1,%
前月比・前年比・前年度比,2026年6月,全国,7105 軽乗用車,0.2,%
前月比・前年比・前年度比,2026年6月,全国,7106 小型乗用車,0.0,%
前月比・前年比・前年度比,2026年6月,全国,7113 普通乗用車Ａ,0.2,%
前月比・前年比・前年度比,2026年6月,全国,7115 普通乗用車Ｂ,0.0,%
前月比・前年比・前年度比,2026年6月,全国,0115 自転車,-0.2,%
前月比・前年比・前年度比,2026年6月,全国,7201 自転車Ａ,0.6,%
前月比・前年比・前年度比,2026年6月,全国,7202 自転車Ｂ,-1.6,%
前月比・前年比・前年度比,2026年6月,全国,0116 自動車等維持,0.5,%
前月比・前年比・前年度比,2026年6月,全国,7301 ガソリン,0.2,%
前月比・前年比・前年度比,2026年6月,全国,7311 自動車タイヤ,0.5,%
前月比・前年比・前年度比,2026年6月,全国,7312 自動車バッテリー,-0.5,%
前月比・前年比・前年度比,2026年6月,全国,7313 カーナビゲーション,9.2,%
前月比・前年比・前年度比,2026年6月,全国,7315 ドライブレコーダー,5.8,%
前月比・前年比・前年度比,2026年6月,全国,7331 自動車整備費（定期点検）,0.3,%
前月比・前年比・前年度比,2026年6月,全国,7335 自動車整備費（パンク修理）,0.4,%
前月比・前年比・前年度比,2026年6月,全国,7341 自動車オイル交換料,4.6,%
前月比・前年比・前年度比,2026年6月,全国,7342 車庫借料,0.0,%
前月比・前年比・前年度比,2026年6月,全国,7343 駐車料金,0.0,%
前月比・前年比・前年度比,2026年6月,全国,7351 自動車免許手数料,0.0,%
前月比・前年比・前年度比,2026年6月,全国,7344 レンタカー料金,-2.7,%
前月比・前年比・前年度比,2026年6月,全国,7347 洗車代,0.4,%
前月比・前年比・前年度比,2026年6月,全国,7350 ロードサービス料,0.0,%
前月比・前年比・前年度比,2026年6月,全国,7370 自動車保険料（自賠責）,0.0,%
前月比・前年比・前年度比,2026年6月,全国,7390 自動車保険料（任意）,0.0,%
前月比・前年比・前年度比,2026年6月,全国,0117 通信,1.3,%
前月比・前年比・前年度比,2026年6月,全国,7401 はがき,0.0,%
前月比・前年比・前年度比,2026年6月,全国,7402 封書,0.0,%
前月比・前年比・前年度比,2026年6月,全国,7410 通信料（固定電話）,0.0,%
前月比・前年比・前年度比,2026年6月,全国,7430 通信料（携帯電話）,2.4,%
前月比・前年比・前年度比,2026年6月,全国,7433 運送料,0.0,%
前月比・前年比・前年度比,2026年6月,全国,7446 携帯電話機,0.4,%
前月比・前年比・前年度比,2026年6月,全国,0118 教育,0.0,%
前月比・前年比・前年度比,2026年6月,全国,0119 授業料等,0.0,%
前月比・前年比・前年度比,2026年6月,全国,8001 ＰＴＡ会費（小学校）,0.0,%
前月比・前年比・前年度比,2026年6月,全国,8002 ＰＴＡ会費（中学校）,0.0,%
前月比・前年比・前年度比,2026年6月,全国,8010 中学校授業料（私立）,0.0,%
前月比・前年比・前年度比,2026年6月,全国,8020 高等学校授業料（公立）,0.0,%
前月比・前年比・前年度比,2026年6月,全国,8030 高等学校授業料（私立）,0.0,%
前月比・前年比・前年度比,2026年6月,全国,8040 大学授業料（国立）,0.0,%
前月比・前年比・前年度比,2026年6月,全国,8060 大学授業料（私立）,0.0,%
前月比・前年比・前年度比,2026年6月,全国,8070 短期大学授業料（私立）,0.0,%
前月比・前年比・前年度比,2026年6月,全国,8077 専修学校授業料（私立）,0.0,%
前月比・前年比・前年度比,2026年6月,全国,0120 教科書・学習参考教材,1.3,%
前月比・前年比・前年度比,2026年6月,全国,8110 教科書,0.0,%
前月比・前年比・前年度比,2026年6月,全国,8100 学習参考教材,2.4,%
前月比・前年比・前年度比,2026年6月,全国,0121 補習教育,0.0,%
前月比・前年比・前年度比,2026年6月,全国,8203 補習教育（小学校）,0.0,%
前月比・前年比・前年度比,2026年6月,全国,8201 補習教育（中学校）,0.0,%
前月比・前年比・前年度比,2026年6月,全国,8204 補習教育（高校・予備校）,0.0,%
前月比・前年比・前年度比,2026年6月,全国,0122 教養娯楽,-1.1,%
前月比・前年比・前年度比,2026年6月,全国,0123 教養娯楽用耐久財,1.2,%
前月比・前年比・前年度比,2026年6月,全国,9013 テレビ,1.6,%
前月比・前年比・前年度比,2026年6月,全国,9034 ビデオレコーダー,3.9,%
前月比・前年比・前年度比,2026年6月,全国,9078 パソコン（デスクトップ型）,1.4,%
前月比・前年比・前年度比,2026年6月,全国,9079 パソコン（ノート型）,1.2,%
前月比・前年比・前年度比,2026年6月,全国,9080 タブレット端末,1.4,%
前月比・前年比・前年度比,2026年6月,全国,9081 プリンタ,-1.6,%
前月比・前年比・前年度比,2026年6月,全国,9043 カメラ,-1.4,%
前月比・前年比・前年度比,2026年6月,全国,9051 ピアノ,0.0,%
前月比・前年比・前年度比,2026年6月,全国,9061 学習用机,0.0,%
前月比・前年比・前年度比,2026年6月,全国,0128 教養娯楽用品,-0.5,%
前月比・前年比・前年度比,2026年6月,全国,0129 文房具,0.8,%
前月比・前年比・前年度比,2026年6月,全国,9111 ボールペン,0.2,%
前月比・前年比・前年度比,2026年6月,全国,9121 ノートブック,1.2,%
前月比・前年比・前年度比,2026年6月,全国,9129 はさみ,0.4,%
前月比・前年比・前年度比,2026年6月,全国,0130 運動用具類,0.4,%
前月比・前年比・前年度比,2026年6月,全国,9142 ゴルフクラブ,0.0,%
前月比・前年比・前年度比,2026年6月,全国,9141 グローブ,-0.5,%
前月比・前年比・前年度比,2026年6月,全国,9143 テニスラケット,1.5,%
前月比・前年比・前年度比,2026年6月,全国,9144 釣ざお,-0.3,%
前月比・前年比・前年度比,2026年6月,全国,9145 トレーニングパンツ,-1.9,%
前月比・前年比・前年度比,2026年6月,全国,9149 水着,-0.2,%
前月比・前年比・前年度比,2026年6月,全国,9140 競技用靴,4.1,%
前月比・前年比・前年度比,2026年6月,全国,0131 玩具,3.9,%
前月比・前年比・前年度比,2026年6月,全国,9154 家庭用ゲーム機,10.5,%
前月比・前年比・前年度比,2026年6月,全国,9156 ゲームソフト,0.0,%
前月比・前年比・前年度比,2026年6月,全国,9151 人形,0.3,%
前月比・前年比・前年度比,2026年6月,全国,9152 玩具自動車,0.0,%
前月比・前年比・前年度比,2026年6月,全国,9153 組立玩具,7.4,%
前月比・前年比・前年度比,2026年6月,全国,0132 切り花,-5.8,%
前月比・前年比・前年度比,2026年6月,全国,9181 切り花（カーネーション）,-12.5,%
前月比・前年比・前年度比,2026年6月,全国,9182 切り花（きく）,-2.5,%
前月比・前年比・前年度比,2026年6月,全国,9183 切り花（バラ）,-8.1,%
前月比・前年比・前年度比,2026年6月,全国,0133 他の教養娯楽用品,-0.8,%
前月比・前年比・前年度比,2026年6月,全国,9199 メモリーカード,12.0,%
前月比・前年比・前年度比,2026年6月,全国,9172 コンパクトディスク,-1.3,%
前月比・前年比・前年度比,2026年6月,全国,9174 ビデオソフト,0.0,%
前月比・前年比・前年度比,2026年6月,全国,9193 ペットフード（ドッグフード）,-2.4,%
前月比・前年比・前年度比,2026年6月,全国,9196 ペットフード（キャットフード）,-1.2,%
前月比・前年比・前年度比,2026年6月,全国,9185 ペットトイレ用品,-0.9,%
前月比・前年比・前年度比,2026年6月,全国,9184 鉢植え,0.3,%
前月比・前年比・前年度比,2026年6月,全国,9190 園芸用土,2.2,%
前月比・前年比・前年度比,2026年6月,全国,9189 園芸用肥料,-4.5,%
前月比・前年比・前年度比,2026年6月,全国,9195 電池,-0.6,%
前月比・前年比・前年度比,2026年6月,全国,9128 プリンタ用インク,-0.1,%
前月比・前年比・前年度比,2026年6月,全国,0134 書籍・他の印刷物,0.3,%
前月比・前年比・前年度比,2026年6月,全国,0135 新聞代,0.0,%
前月比・前年比・前年度比,2026年6月,全国,9204 新聞代（地方・ブロック紙）,0.0,%
前月比・前年比・前年度比,2026年6月,全国,9205 新聞代（全国紙）,0.0,%
前月比・前年比・前年度比,2026年6月,全国,0136 雑誌,1.2,%
前月比・前年比・前年度比,2026年6月,全国,9226 月刊誌,1.5,%
前月比・前年比・前年度比,2026年6月,全国,9230 週刊誌,0.0,%
前月比・前年比・前年度比,2026年6月,全国,0137 書籍,0.7,%
前月比・前年比・前年度比,2026年6月,全国,9261 単行本Ａ,0.1,%
前月比・前年比・前年度比,2026年6月,全国,9263 単行本Ｂ,1.2,%
前月比・前年比・前年度比,2026年6月,全国,0138 教養娯楽サービス,-1.9,%
前月比・前年比・前年度比,2026年6月,全国,0139 宿泊料,-6.8,%
前月比・前年比・前年度比,2026年6月,全国,9300 宿泊料,-6.8,%
前月比・前年比・前年度比,2026年6月,全国,0177 パック旅行費,-3.4,%
前月比・前年比・前年度比,2026年6月,全国,9305 外国パック旅行費,-3.4,%
前月比・前年比・前年度比,2026年6月,全国,0140 月謝類,0.1,%
前月比・前年比・前年度比,2026年6月,全国,9328 講習料（英会話）,0.0,%
前月比・前年比・前年度比,2026年6月,全国,9329 講習料（書道）,0.0,%
前月比・前年比・前年度比,2026年6月,全国,9326 講習料（音楽）,0.3,%
前月比・前年比・前年度比,2026年6月,全国,9319 講習料（ダンス）,-0.1,%
前月比・前年比・前年度比,2026年6月,全国,9313 講習料（水泳）,0.0,%
前月比・前年比・前年度比,2026年6月,全国,9343 講習料（体育）,0.1,%
前月比・前年比・前年度比,2026年6月,全国,9320 自動車教習料,0.0,%
前月比・前年比・前年度比,2026年6月,全国,0141 他の教養娯楽サービス,-0.3,%
前月比・前年比・前年度比,2026年6月,全国,0142 放送受信料,0.0,%
前月比・前年比・前年度比,2026年6月,全国,9330 放送受信料（ＮＨＫ）,0.0,%
前月比・前年比・前年度比,2026年6月,全国,9368 放送受信料（ケーブル）,0.0,%
前月比・前年比・前年度比,2026年6月,全国,9367 放送受信料（ＮＨＫ・ケーブル以外）,0.0,%
前月比・前年比・前年度比,2026年6月,全国,0143 入場・観覧・ゲーム代,-0.9,%
前月比・前年比・前年度比,2026年6月,全国,9341 映画観覧料,0.0,%
前月比・前年比・前年度比,2026年6月,全国,9342 演劇観覧料,0.0,%
前月比・前年比・前年度比,2026年6月,全国,9345 サッカー観覧料,0.0,%
前月比・前年比・前年度比,2026年6月,全国,9350 プロ野球観覧料,-2.1,%
前月比・前年比・前年度比,2026年6月,全国,9353 ゴルフ練習料金,0.2,%
前月比・前年比・前年度比,2026年6月,全国,9357 ゴルフプレー料金,-1.5,%
前月比・前年比・前年度比,2026年6月,全国,9361 ボウリングゲーム代,0.3,%
前月比・前年比・前年度比,2026年6月,全国,9359 プール使用料,-1.0,%
前月比・前年比・前年度比,2026年6月,全国,9362 フィットネスクラブ使用料,0.9,%
前月比・前年比・前年度比,2026年6月,全国,9374 文化施設入場料,0.2,%
前月比・前年比・前年度比,2026年6月,全国,9372 テーマパーク入場料,-4.3,%
前月比・前年比・前年度比,2026年6月,全国,9395 カラオケルーム使用料,0.5,%
前月比・前年比・前年度比,2026年6月,全国,0144 他の娯楽サービス,0.0,%
前月比・前年比・前年度比,2026年6月,全国,9381 写真撮影代,0.0,%
前月比・前年比・前年度比,2026年6月,全国,9391 ビデオソフトレンタル料,0.3,%
前月比・前年比・前年度比,2026年6月,全国,9397 インターネット接続料,0.0,%
前月比・前年比・前年度比,2026年6月,全国,9403 ウェブコンテンツ利用料,0.0,%
前月比・前年比・前年度比,2026年6月,全国,9396 獣医代,0.2,%
前月比・前年比・前年度比,2026年6月,全国,9188 ペット美容院代,0.1,%
前月比・前年比・前年度比,2026年6月,全国,0145 諸雑費,0.1,%
前月比・前年比・前年度比,2026年6月,全国,0146 理美容サービス,0.1,%
前月比・前年比・前年度比,2026年6月,全国,9504 入浴料,0.1,%
前月比・前年比・前年度比,2026年6月,全国,9511 理髪料,0.1,%
前月比・前年比・前年度比,2026年6月,全国,9521 パーマネント代,0.0,%
前月比・前年比・前年度比,2026年6月,全国,9531 カット代,0.1,%
前月比・前年比・前年度比,2026年6月,全国,9532 ヘアカラーリング代,0.0,%
前月比・前年比・前年度比,2026年6月,全国,9505 エステティック料金,0.0,%
前月比・前年比・前年度比,2026年6月,全国,0147 理美容用品,-0.3,%
前月比・前年比・前年度比,2026年6月,全国,0148 理容器具,-0.4,%
前月比・前年比・前年度比,2026年6月,全国,9602 電気かみそり,-1.0,%
前月比・前年比・前年度比,2026年6月,全国,9611 歯ブラシ,0.2,%
前月比・前年比・前年度比,2026年6月,全国,0149 石けん類,-0.5,%
前月比・前年比・前年度比,2026年6月,全国,9621 手洗い用石けん,0.5,%
前月比・前年比・前年度比,2026年6月,全国,9626 ボディーソープ,-2.7,%
前月比・前年比・前年度比,2026年6月,全国,9627 洗顔料,1.5,%
前月比・前年比・前年度比,2026年6月,全国,9628 クレンジング,0.4,%
前月比・前年比・前年度比,2026年6月,全国,9622 シャンプー,-1.4,%
前月比・前年比・前年度比,2026年6月,全国,9624 ヘアコンディショナー,-1.5,%
前月比・前年比・前年度比,2026年6月,全国,9623 歯磨き,0.9,%
前月比・前年比・前年度比,2026年6月,全国,0150 化粧品,-0.2,%
前月比・前年比・前年度比,2026年6月,全国,9631 整髪料,0.1,%
前月比・前年比・前年度比,2026年6月,全国,9641 養毛剤,-0.4,%
前月比・前年比・前年度比,2026年6月,全国,9650 化粧クリームＡ,0.0,%
前月比・前年比・前年度比,2026年6月,全国,9652 化粧クリームＢ,0.0,%
前月比・前年比・前年度比,2026年6月,全国,9660 化粧水Ａ,0.0,%
前月比・前年比・前年度比,2026年6月,全国,9661 化粧水Ｂ,0.4,%
前月比・前年比・前年度比,2026年6月,全国,9690 乳液Ａ,0.0,%
前月比・前年比・前年度比,2026年6月,全国,9692 乳液Ｂ,0.3,%
前月比・前年比・前年度比,2026年6月,全国,9670 ファンデーションＡ,0.0,%
前月比・前年比・前年度比,2026年6月,全国,9672 ファンデーションＢ,0.0,%
前月比・前年比・前年度比,2026年6月,全国,9680 口紅Ａ,0.0,%
前月比・前年比・前年度比,2026年6月,全国,9682 口紅Ｂ,0.1,%
前月比・前年比・前年度比,2026年6月,全国,9625 ヘアカラーリング剤,-2.5,%
前月比・前年比・前年度比,2026年6月,全国,9693 美容液,0.0,%
前月比・前年比・前年度比,2026年6月,全国,0151 身の回り用品,0.2,%
前月比・前年比・前年度比,2026年6月,全国,0152 かばん類,0.1,%
前月比・前年比・前年度比,2026年6月,全国,9721 バッグＡ,0.5,%
前月比・前年比・前年度比,2026年6月,全国,9722 バッグＢ,0.0,%
前月比・前年比・前年度比,2026年6月,全国,9711 通学用かばん,-0.2,%
前月比・前年比・前年度比,2026年6月,全国,9731 旅行用かばん,0.1,%
前月比・前年比・前年度比,2026年6月,全国,0153 腕時計・指輪,0.7,%
前月比・前年比・前年度比,2026年6月,全国,9741 指輪,2.5,%
前月比・前年比・前年度比,2026年6月,全国,9751 腕時計,-0.2,%
前月比・前年比・前年度比,2026年6月,全国,0154 他の身の回り用品,0.4,%
前月比・前年比・前年度比,2026年6月,全国,9701 傘,0.5,%
前月比・前年比・前年度比,2026年6月,全国,9761 ハンカチーフ,0.0,%
前月比・前年比・前年度比,2026年6月,全国,0155 たばこ,0.2,%
前月比・前年比・前年度比,2026年6月,全国,9799 たばこ（国産品）,0.0,%
前月比・前年比・前年度比,2026年6月,全国,9798 たばこ（輸入品）,0.3,%
前月比・前年比・前年度比,2026年6月,全国,0156 他の諸雑費,0.2,%
前月比・前年比・前年度比,2026年6月,全国,9960 葬儀料,0.0,%
前月比・前年比・前年度比,2026年6月,全国,9928 傷害保険料,0.0,%
前月比・前年比・前年度比,2026年6月,全国,9921 保育所保育料,0.0,%
前月比・前年比・前年度比,2026年6月,全国,9951 学童保育料,0.0,%
前月比・前年比・前年度比,2026年6月,全国,9914 介護料,2.3,%
前月比・前年比・前年度比,2026年6月,全国,9901 行政証明書手数料,0.0,%
前月比・前年比・前年度比,2026年6月,全国,9912 パスポート取得料,0.0,%
前月比・前年比・前年度比,2026年6月,全国,9920 振込手数料,0.0,%
前月比・前年比・前年度比,2026年6月,全国,9931 警備料,0.0,%
前月比・前年比・前年度比,2026年6月,全国,0157 生鮮食品,-1.8,%
前月比・前年比・前年度比,2026年6月,全国,0158 生鮮魚介（再掲）,0.6,%
前月比・前年比・前年度比,2026年6月,全国,0159 生鮮野菜（再掲）,-5.0,%
前月比・前年比・前年度比,2026年6月,全国,0160 生鮮果物（再掲）,1.3,%
前月比・前年比・前年度比,2026年6月,全国,0161 生鮮食品を除く総合,0.1,%
前月比・前年比・前年度比,2026年6月,全国,0172 生鮮食品を除く食料,0.3,%
前月比・前年比・前年度比,2026年6月,全国,0163 持家の帰属家賃を除く総合,0.0,%
前月比・前年比・前年度比,2026年6月,全国,0164 持家の帰属家賃を除く住居,0.3,%
前月比・前年比・前年度比,2026年6月,全国,0165 持家の帰属家賃を除く家賃,0.0,%
前月比・前年比・前年度比,2026年6月,全国,0166 持家の帰属家賃及び生鮮食品を除く総合,0.1,%
前月比・前年比・前年度比,2026年6月,全国,0167 エネルギー,0.3,%
前月比・前年比・前年度比,2026年6月,全国,0178 生鮮食品及びエネルギーを除く総合,0.1,%
前月比・前年比・前年度比,2026年6月,全国,0168 食料（酒類を除く）及びエネルギーを除く総合,0.0,%
前月比・前年比・前年度比,2026年6月,全国,0162 教育関係費,0.1,%
前月比・前年比・前年度比,2026年6月,全国,0173 教養娯楽関係費,-1.2,%
前月比・前年比・前年度比,2026年6月,全国,0169 情報通信関係費,1.0,%
前月比・前年比・前年度比,2026年6月,全国,0201 総合,0.0,%
前月比・前年比・前年度比,2026年6月,全国,0202 財,0.0,%
前月比・前年比・前年度比,2026年6月,全国,0241 生鮮食品を除く財,0.2,%
前月比・前年比・前年度比,2026年6月,全国,0203 農水畜産物,-1.0,%
前月比・前年比・前年度比,2026年6月,全国,0204 生鮮商品,-0.8,%
前月比・前年比・前年度比,2026年6月,全国,0205 他の農水畜産物,-2.2,%
前月比・前年比・前年度比,2026年6月,全国,0206 米類,-2.2,%
前月比・前年比・前年度比,2026年6月,全国,0207 工業製品,0.3,%
前月比・前年比・前年度比,2026年6月,全国,0208 食料工業製品,0.2,%
前月比・前年比・前年度比,2026年6月,全国,0211 繊維製品,-0.2,%
前月比・前年比・前年度比,2026年6月,全国,0214 石油製品,0.4,%
前月比・前年比・前年度比,2026年6月,全国,0215 他の工業製品,0.4,%
前月比・前年比・前年度比,2026年6月,全国,0218 電気・都市ガス・水道,0.0,%
前月比・前年比・前年度比,2026年6月,全国,0219 出版物,0.3,%
前月比・前年比・前年度比,2026年6月,全国,0220 サービス,0.0,%
前月比・前年比・前年度比,2026年6月,全国,0242 持家の帰属家賃を除くサービス,0.0,%
前月比・前年比・前年度比,2026年6月,全国,0221 公共サービス,0.3,%
前月比・前年比・前年度比,2026年6月,全国,0243 外食,0.4,%
前月比・前年比・前年度比,2026年6月,全国,0222 公営・都市再生機構・公社家賃,-0.1,%
前月比・前年比・前年度比,2026年6月,全国,0223 家事関連サービス,0.0,%
前月比・前年比・前年度比,2026年6月,全国,0224 医療・福祉関連サービス,2.0,%
前月比・前年比・前年度比,2026年6月,全国,0225 運輸・通信関連サービス,-0.7,%
前月比・前年比・前年度比,2026年6月,全国,0226 教育関連サービス,0.0,%
前月比・前年比・前年度比,2026年6月,全国,0227 教養娯楽関連サービス,0.0,%
前月比・前年比・前年度比,2026年6月,全国,0228 一般サービス,-0.1,%
前月比・前年比・前年度比,2026年6月,全国,0229 外食,0.5,%
前月比・前年比・前年度比,2026年6月,全国,0230 民営家賃,0.1,%
前月比・前年比・前年度比,2026年6月,全国,0245 民営家賃（木造）,0.0,%
前月比・前年比・前年度比,2026年6月,全国,0246 民営家賃（非木造）,0.1,%
前月比・前年比・前年度比,2026年6月,全国,0231 持家の帰属家賃,0.0,%
前月比・前年比・前年度比,2026年6月,全国,0247 持家の帰属家賃（木造）,0.0,%
前月比・前年比・前年度比,2026年6月,全国,0248 持家の帰属家賃（非木造）,0.1,%
前月比・前年比・前年度比,2026年6月,全国,0232 他のサービス,-0.4,%
前月比・前年比・前年度比,2026年6月,全国,0233 家事関連サービス,0.4,%
前月比・前年比・前年度比,2026年6月,全国,0234 医療・福祉関連サービス,0.1,%
前月比・前年比・前年度比,2026年6月,全国,0235 教育関連サービス,0.0,%
前月比・前年比・前年度比,2026年6月,全国,0236 通信・教養娯楽関連サービス,-1.1,%
前月比・前年比・前年度比,2026年6月,全国,0237 耐久消費財,0.4,%
前月比・前年比・前年度比,2026年6月,全国,0238 半耐久消費財,0.5,%
前月比・前年比・前年度比,2026年6月,全国,0239 非耐久消費財,-0.1,%
前月比・前年比・前年度比,2026年6月,全国,0240 公共料金,0.2,%
前月比・前年比・前年度比,2026年6月,全国,0901 総合（季節調整済）,0.3,%
前月比・前年比・前年度比,2026年6月,全国,0902 生鮮食品を除く総合（季節調整済）,0.2,%
前月比・前年比・前年度比,2026年6月,全国,0906 生鮮食品及びエネルギーを除く総合（季節調整済）,0.2,%
前月比・前年比・前年度比,2026年6月,全国,0921 財（季節調整済）,0.3,%
前月比・前年比・前年度比,2026年6月,全国,0924 サービス（季節調整済）,0.2,%
前年同月比,2026年6月,全国,0001 総合,1.7,%
前年同月比,2026年6月,全国,0002 食料,3.2,%
前年同月比,2026年6月,全国,0003 穀類,-2.5,%
前年同月比,2026年6月,全国,0004 米類,-8.7,%
前年同月比,2026年6月,全国,1001 うるち米Ａ,-8.1,%
前年同月比,2026年6月,全国,1002 うるち米Ｂ,-9.0,%
前年同月比,2026年6月,全国,0005 パン,-1.2,%
前年同月比,2026年6月,全国,1021 食パン,-1.5,%
前年同月比,2026年6月,全国,1022 あんパン,-1.9,%
前年同月比,2026年6月,全国,1023 カレーパン,0.9,%
前年同月比,2026年6月,全国,0006 麺類,1.5,%
前年同月比,2026年6月,全国,1031 ゆでうどん,1.3,%
前年同月比,2026年6月,全国,1041 そうめん,-0.1,%
前年同月比,2026年6月,全国,1042 スパゲッティ,3.3,%
前年同月比,2026年6月,全国,1051 カップ麺,3.6,%
前年同月比,2026年6月,全国,1052 中華麺,-1.4,%
前年同月比,2026年6月,全国,0007 他の穀類,21.4,%
前年同月比,2026年6月,全国,1071 小麦粉,-2.3,%
前年同月比,2026年6月,全国,1081 もち,38.2,%
前年同月比,2026年6月,全国,1090 シリアル,12.5,%
前年同月比,2026年6月,全国,0008 魚介類,6.9,%
前年同月比,2026年6月,全国,0009 生鮮魚介,9.5,%
前年同月比,2026年6月,全国,1101 まぐろ,17.9,%
前年同月比,2026年6月,全国,1102 あじ,13.0,%
前年同月比,2026年6月,全国,1103 いわし,10.9,%
前年同月比,2026年6月,全国,1104 かつお,7.6,%
前年同月比,2026年6月,全国,1106 さけ,4.6,%
前年同月比,2026年6月,全国,1107 さば,27.3,%
前年同月比,2026年6月,全国,1108 さんま,15.2,%
前年同月比,2026年6月,全国,1110 たい,2.0,%
前年同月比,2026年6月,全国,1111 ぶり,12.5,%
前年同月比,2026年6月,全国,1112 いか,7.2,%
前年同月比,2026年6月,全国,1113 たこ,8.7,%
前年同月比,2026年6月,全国,1114 えび,-0.8,%
前年同月比,2026年6月,全国,1131 あさり,2.5,%
前年同月比,2026年6月,全国,1133 ほたて貝,20.7,%
前年同月比,2026年6月,全国,0010 塩干魚介,4.9,%
前年同月比,2026年6月,全国,1141 塩さけ,0.6,%
前年同月比,2026年6月,全国,1142 たらこ,1.0,%
前年同月比,2026年6月,全国,1143 しらす干し,11.5,%
前年同月比,2026年6月,全国,1144 干しあじ,8.4,%
前年同月比,2026年6月,全国,1146 煮干し,0.8,%
前年同月比,2026年6月,全国,1150 ししゃも,15.8,%
前年同月比,2026年6月,全国,1167 いくら,7.8,%
前年同月比,2026年6月,全国,0011 魚肉練製品,5.6,%
前年同月比,2026年6月,全国,1151 揚げかまぼこ,6.2,%
前年同月比,2026年6月,全国,1152 ちくわ,3.7,%
前年同月比,2026年6月,全国,1153 かまぼこ,6.2,%
前年同月比,2026年6月,全国,0012 他の魚介加工品,0.6,%
前年同月比,2026年6月,全国,1161 かつお節,0.6,%
前年同月比,2026年6月,全国,1165 魚介漬物,0.5,%
前年同月比,2026年6月,全国,1166 魚介つくだ煮,2.4,%
前年同月比,2026年6月,全国,1173 魚介缶詰,0.2,%
前年同月比,2026年6月,全国,0013 肉類,4.3,%
前年同月比,2026年6月,全国,0014 生鮮肉,5.2,%
前年同月比,2026年6月,全国,1201 牛肉（国産品）,4.4,%
前年同月比,2026年6月,全国,1203 牛肉（輸入品）,9.4,%
前年同月比,2026年6月,全国,1211 豚肉（国産品）,5.3,%
前年同月比,2026年6月,全国,1214 豚肉（輸入品）,3.5,%
前年同月比,2026年6月,全国,1221 鶏肉,4.4,%
前年同月比,2026年6月,全国,0015 加工肉,0.2,%
前年同月比,2026年6月,全国,1252 ハム,-0.6,%
前年同月比,2026年6月,全国,1261 ソーセージ,-1.5,%
前年同月比,2026年6月,全国,1271 ベーコン,1.8,%
前年同月比,2026年6月,全国,1292 味付け肉,6.2,%
前年同月比,2026年6月,全国,0016 乳卵類,4.6,%
前年同月比,2026年6月,全国,0017 牛乳・乳製品,4.9,%
前年同月比,2026年6月,全国,0018 牛乳,4.8,%
前年同月比,2026年6月,全国,1303 牛乳,4.8,%
前年同月比,2026年6月,全国,0019 乳製品,4.9,%
前年同月比,2026年6月,全国,1311 粉ミルク,9.5,%
前年同月比,2026年6月,全国,1333 ヨーグルト,4.1,%
前年同月比,2026年6月,全国,1321 バター,11.2,%
前年同月比,2026年6月,全国,1331 チーズ（国産品）,4.7,%
前年同月比,2026年6月,全国,1332 チーズ（輸入品）,5.3,%
前年同月比,2026年6月,全国,0020 卵,3.7,%
前年同月比,2026年6月,全国,1341 鶏卵,3.7,%
前年同月比,2026年6月,全国,0021 野菜・海藻,3.6,%
前年同月比,2026年6月,全国,0022 生鮮野菜,2.6,%
前年同月比,2026年6月,全国,1401 キャベツ,17.4,%
前年同月比,2026年6月,全国,1402 ほうれんそう,1.2,%
前年同月比,2026年6月,全国,1403 はくさい,-0.6,%
前年同月比,2026年6月,全国,1405 ねぎ,-5.3,%
前年同月比,2026年6月,全国,1406 レタス,8.5,%
前年同月比,2026年6月,全国,1409 ブロッコリー,9.1,%
前年同月比,2026年6月,全国,1407 もやし,1.7,%
前年同月比,2026年6月,全国,1410 アスパラガス,2.9,%
前年同月比,2026年6月,全国,1411 さつまいも,-2.2,%
前年同月比,2026年6月,全国,1412 じゃがいも,-4.1,%
前年同月比,2026年6月,全国,1413 さといも,-12.0,%
前年同月比,2026年6月,全国,1414 だいこん,-3.7,%
前年同月比,2026年6月,全国,1415 にんじん,-8.2,%
前年同月比,2026年6月,全国,1416 ごぼう,-11.3,%
前年同月比,2026年6月,全国,1417 たまねぎ,-1.2,%
前年同月比,2026年6月,全国,1419 れんこん,-7.2,%
前年同月比,2026年6月,全国,1420 ながいも,2.1,%
前年同月比,2026年6月,全国,1421 しょうが,4.0,%
前年同月比,2026年6月,全国,1430 えだまめ,4.0,%
前年同月比,2026年6月,全国,1432 さやいんげん,4.0,%
前年同月比,2026年6月,全国,1433 かぼちゃ,6.0,%
前年同月比,2026年6月,全国,1434 きゅうり,4.0,%
前年同月比,2026年6月,全国,1435 なす,2.6,%
前年同月比,2026年6月,全国,1436 トマト,7.9,%
前年同月比,2026年6月,全国,1437 ピーマン,1.0,%
前年同月比,2026年6月,全国,1438 生しいたけ,0.1,%
前年同月比,2026年6月,全国,1442 えのきたけ,1.3,%
前年同月比,2026年6月,全国,1443 しめじ,-2.9,%
前年同月比,2026年6月,全国,1444 カット野菜,0.5,%
前年同月比,2026年6月,全国,0023 乾物・加工品類,5.2,%
前年同月比,2026年6月,全国,0024 乾物・海藻,7.4,%
前年同月比,2026年6月,全国,1453 干ししいたけ,10.8,%
前年同月比,2026年6月,全国,1461 干しのり,9.6,%
前年同月比,2026年6月,全国,1462 わかめ,2.7,%
前年同月比,2026年6月,全国,1463 こんぶ,12.8,%
前年同月比,2026年6月,全国,1464 ひじき,-0.6,%
前年同月比,2026年6月,全国,0025 大豆加工品,3.6,%
前年同月比,2026年6月,全国,1471 豆腐,2.3,%
前年同月比,2026年6月,全国,1472 油揚げ,2.0,%
前年同月比,2026年6月,全国,1473 納豆,6.5,%
前年同月比,2026年6月,全国,0026 他の野菜・海藻加工品,5.2,%
前年同月比,2026年6月,全国,1481 こんにゃく,15.5,%
前年同月比,2026年6月,全国,1482 梅干し,4.1,%
前年同月比,2026年6月,全国,1483 だいこん漬,5.9,%
前年同月比,2026年6月,全国,1486 はくさい漬,1.4,%
前年同月比,2026年6月,全国,1487 キムチ,6.4,%
前年同月比,2026年6月,全国,1485 こんぶつくだ煮,0.9,%
前年同月比,2026年6月,全国,1491 野菜缶詰,-0.2,%
前年同月比,2026年6月,全国,0027 果物,-0.2,%
前年同月比,2026年6月,全国,0028 生鮮果物,-0.9,%
前年同月比,2026年6月,全国,1502 りんご,-0.1,%
前年同月比,2026年6月,全国,1515 オレンジ,0.0,%
前年同月比,2026年6月,全国,1531 ぶどうＡ,1.7,%
前年同月比,2026年6月,全国,1561 すいか,10.6,%
前年同月比,2026年6月,全国,1563 メロン,-0.1,%
前年同月比,2026年6月,全国,1581 バナナ,1.4,%
前年同月比,2026年6月,全国,1582 キウイフルーツ,11.9,%
前年同月比,2026年6月,全国,1572 さくらんぼ,-16.4,%
前年同月比,2026年6月,全国,1583 アボカド,-11.9,%
前年同月比,2026年6月,全国,0029 果物加工品,9.3,%
前年同月比,2026年6月,全国,1594 ナッツ,9.3,%
前年同月比,2026年6月,全国,0030 油脂・調味料,4.2,%
前年同月比,2026年6月,全国,0031 油脂,5.3,%
前年同月比,2026年6月,全国,1601 食用油,6.3,%
前年同月比,2026年6月,全国,1602 マーガリン,-1.2,%
前年同月比,2026年6月,全国,0032 調味料,4.0,%
前年同月比,2026年6月,全国,1611 食塩,-0.2,%
前年同月比,2026年6月,全国,1621 しょう油,-0.5,%
前年同月比,2026年6月,全国,1631 みそ,9.9,%
前年同月比,2026年6月,全国,1632 砂糖,1.9,%
前年同月比,2026年6月,全国,1633 酢,2.5,%
前年同月比,2026年6月,全国,1641 ソース,3.0,%
前年同月比,2026年6月,全国,1642 ケチャップ,0.8,%
前年同月比,2026年6月,全国,1643 マヨネーズ,7.0,%
前年同月比,2026年6月,全国,1645 ドレッシング,10.7,%
前年同月比,2026年6月,全国,1644 ジャム,-1.1,%
前年同月比,2026年6月,全国,1652 カレールウ,-0.5,%
前年同月比,2026年6月,全国,1653 乾燥スープ,1.3,%
前年同月比,2026年6月,全国,1654 風味調味料,0.8,%
前年同月比,2026年6月,全国,1656 ふりかけ,1.5,%
前年同月比,2026年6月,全国,1655 たれ,13.8,%
前年同月比,2026年6月,全国,1659 つゆ,0.1,%
前年同月比,2026年6月,全国,1657 合わせ調味料,7.5,%
前年同月比,2026年6月,全国,1658 パスタソース,13.7,%
前年同月比,2026年6月,全国,0033 菓子類,5.7,%
前年同月比,2026年6月,全国,1701 ようかん,2.0,%
前年同月比,2026年6月,全国,1702 まんじゅう,-3.8,%
前年同月比,2026年6月,全国,1703 だいふく餅,-4.3,%
前年同月比,2026年6月,全国,1711 カステラ,1.9,%
前年同月比,2026年6月,全国,1712 ケーキ,5.7,%
前年同月比,2026年6月,全国,1784 ゼリー,0.8,%
前年同月比,2026年6月,全国,1714 プリン,4.8,%
前年同月比,2026年6月,全国,1713 シュークリーム,9.3,%
前年同月比,2026年6月,全国,1715 ロールケーキ,7.1,%
前年同月比,2026年6月,全国,1741 せんべい,8.3,%
前年同月比,2026年6月,全国,1721 ビスケット,8.2,%
前年同月比,2026年6月,全国,1783 ポテトチップス,10.6,%
前年同月比,2026年6月,全国,1732 キャンデー,8.6,%
前年同月比,2026年6月,全国,1761 チョコレート,8.8,%
前年同月比,2026年6月,全国,1782 アイスクリーム,6.1,%
前年同月比,2026年6月,全国,1772 落花生,3.1,%
前年同月比,2026年6月,全国,1781 チューインガム,21.3,%
前年同月比,2026年6月,全国,0034 調理食品,4.2,%
前年同月比,2026年6月,全国,0035 主食的調理食品,5.3,%
前年同月比,2026年6月,全国,1795 すし（弁当）Ａ,3.9,%
前年同月比,2026年6月,全国,1798 すし（弁当）Ｂ,1.8,%
前年同月比,2026年6月,全国,1791 弁当Ａ,1.6,%
前年同月比,2026年6月,全国,1797 弁当Ｂ,10.6,%
前年同月比,2026年6月,全国,1793 おにぎり,2.3,%
前年同月比,2026年6月,全国,1792 調理パン,3.3,%
前年同月比,2026年6月,全国,1794 冷凍米飯,10.1,%
前年同月比,2026年6月,全国,1796 調理パスタ,7.1,%
前年同月比,2026年6月,全国,1799 調理ピザ,1.9,%
前年同月比,2026年6月,全国,1790 無菌包装米飯,25.3,%
前年同月比,2026年6月,全国,0036 他の調理食品,3.3,%
前年同月比,2026年6月,全国,1801 うなぎかば焼き,-1.9,%
前年同月比,2026年6月,全国,1811 サラダ,1.8,%
前年同月比,2026年6月,全国,1821 コロッケ,5.0,%
前年同月比,2026年6月,全国,1831 豚カツ,0.5,%
前年同月比,2026年6月,全国,1842 からあげ,7.3,%
前年同月比,2026年6月,全国,1881 ぎょうざ,3.0,%
前年同月比,2026年6月,全国,1843 やきとり,1.3,%
前年同月比,2026年6月,全国,1844 ハンバーグ,-1.3,%
前年同月比,2026年6月,全国,1851 冷凍調理コロッケ,9.0,%
前年同月比,2026年6月,全国,1852 冷凍調理ハンバーグ,1.4,%
前年同月比,2026年6月,全国,1853 冷凍ぎょうざ,-1.3,%
前年同月比,2026年6月,全国,1871 調理カレー,-1.0,%
前年同月比,2026年6月,全国,1891 混ぜごはんのもと,0.1,%
前年同月比,2026年6月,全国,1812 煮豆,8.6,%
前年同月比,2026年6月,全国,1802 焼き魚,10.8,%
前年同月比,2026年6月,全国,1813 きんぴら,3.8,%
前年同月比,2026年6月,全国,1814 焼豚,1.0,%
前年同月比,2026年6月,全国,1892 サラダチキン,5.0,%
前年同月比,2026年6月,全国,1893 おでん,9.1,%
前年同月比,2026年6月,全国,0037 飲料,6.8,%
前年同月比,2026年6月,全国,0038 茶類,11.1,%
前年同月比,2026年6月,全国,1902 緑茶,26.9,%
前年同月比,2026年6月,全国,1911 紅茶,4.3,%
前年同月比,2026年6月,全国,1914 茶飲料,1.9,%
前年同月比,2026年6月,全国,0039 コーヒー・ココア,15.5,%
前年同月比,2026年6月,全国,1921 インスタントコーヒー,3.9,%
前年同月比,2026年6月,全国,1922 コーヒー豆,23.3,%
前年同月比,2026年6月,全国,1923 コーヒー飲料Ａ,16.1,%
前年同月比,2026年6月,全国,1924 コーヒー飲料Ｂ,12.8,%
前年同月比,2026年6月,全国,0040 他の飲料,1.7,%
前年同月比,2026年6月,全国,1930 果実ジュース,6.0,%
前年同月比,2026年6月,全国,1931 果汁入り飲料,4.5,%
前年同月比,2026年6月,全国,1941 野菜ジュース,7.5,%
前年同月比,2026年6月,全国,1951 炭酸飲料,-0.9,%
前年同月比,2026年6月,全国,1952 ノンアルコールビール,-2.8,%
前年同月比,2026年6月,全国,1972 乳酸菌飲料,0.0,%
前年同月比,2026年6月,全国,1982 ミネラルウォーター,-2.4,%
前年同月比,2026年6月,全国,1984 宅配水,1.3,%
前年同月比,2026年6月,全国,1981 スポーツドリンク,-0.1,%
前年同月比,2026年6月,全国,1983 豆乳,0.3,%
前年同月比,2026年6月,全国,0041 酒類,0.4,%
前年同月比,2026年6月,全国,2003 清酒,10.4,%
前年同月比,2026年6月,全国,2011 焼酎,-0.2,%
前年同月比,2026年6月,全国,2021 ビール,-1.3,%
前年同月比,2026年6月,全国,2026 発泡酒,-1.3,%
前年同月比,2026年6月,全国,2033 ウイスキー,-2.0,%
前年同月比,2026年6月,全国,2041 ワイン（国産品）,0.1,%
前年同月比,2026年6月,全国,2042 ワイン（輸入品）,0.1,%
前年同月比,2026年6月,全国,2012 チューハイ,-0.6,%
前年同月比,2026年6月,全国,2027 ビール風アルコール飲料,-1.9,%
前年同月比,2026年6月,全国,0042 外食,1.2,%
前年同月比,2026年6月,全国,0043 一般外食,4.1,%
前年同月比,2026年6月,全国,2101 うどん（外食）,2.7,%
前年同月比,2026年6月,全国,2103 日本そば（外食）,3.0,%
前年同月比,2026年6月,全国,2102 中華そば（外食）,2.7,%
前年同月比,2026年6月,全国,2112 スパゲッティ（外食）,3.1,%
前年同月比,2026年6月,全国,2123 すし（外食）Ａ,7.8,%
前年同月比,2026年6月,全国,2121 すし（外食）Ｂ,5.5,%
前年同月比,2026年6月,全国,2132 天丼（外食）,3.3,%
前年同月比,2026年6月,全国,2133 カレーライス（外食）,3.3,%
前年同月比,2026年6月,全国,2136 牛丼（外食）,-0.7,%
前年同月比,2026年6月,全国,2142 豚カツ定食（外食）,3.9,%
前年同月比,2026年6月,全国,2146 しょうが焼き定食（外食）,4.1,%
前年同月比,2026年6月,全国,2164 フライドチキン（外食）,6.5,%
前年同月比,2026年6月,全国,2134 ぎょうざ（外食）,1.6,%
前年同月比,2026年6月,全国,2141 ハンバーグ（外食）,3.5,%
前年同月比,2026年6月,全国,2145 焼肉（外食）,4.1,%
前年同月比,2026年6月,全国,2135 ハンバーガー（外食）,9.8,%
前年同月比,2026年6月,全国,2161 サンドイッチ（外食）,3.8,%
前年同月比,2026年6月,全国,2144 ピザ（配達）,2.5,%
前年同月比,2026年6月,全国,2163 ドーナツ（外食）,0.0,%
前年同月比,2026年6月,全国,2162 コーヒー（外食）Ａ,3.4,%
前年同月比,2026年6月,全国,2165 コーヒー（外食）Ｂ,2.9,%
前年同月比,2026年6月,全国,2171 ビール（外食）,2.1,%
前年同月比,2026年6月,全国,2172 やきとり（外食）,5.3,%
前年同月比,2026年6月,全国,0044 学校給食,-72.9,%
前年同月比,2026年6月,全国,2182 学校給食（小学校）,-98.1,%
前年同月比,2026年6月,全国,2183 学校給食（中学校）,-20.7,%
前年同月比,2026年6月,全国,0045 住居,1.0,%
前年同月比,2026年6月,全国,0046 家賃,0.4,%
前年同月比,2026年6月,全国,0047 民営家賃,0.6,%
前年同月比,2026年6月,全国,3000 民営家賃,0.6,%
前年同月比,2026年6月,全国,0048 公営・都市再生機構・公社家賃,1.0,%
前年同月比,2026年6月,全国,3016 公営家賃,1.0,%
前年同月比,2026年6月,全国,3017 都市再生機構・公社家賃,1.0,%
前年同月比,2026年6月,全国,0050 持家の帰属家賃,0.4,%
前年同月比,2026年6月,全国,3030 持家の帰属家賃,0.4,%
前年同月比,2026年6月,全国,0051 設備修繕・維持,3.6,%
前年同月比,2026年6月,全国,0052 設備材料,1.6,%
前年同月比,2026年6月,全国,3101 システムバス,5.2,%
前年同月比,2026年6月,全国,3103 温水洗浄便座,-4.6,%
前年同月比,2026年6月,全国,3104 給湯器,-1.2,%
前年同月比,2026年6月,全国,3105 システムキッチン,5.1,%
前年同月比,2026年6月,全国,3106 カーポート,2.1,%
前年同月比,2026年6月,全国,3121 修繕材料,1.7,%
前年同月比,2026年6月,全国,0053 工事その他のサービス,4.3,%
前年同月比,2026年6月,全国,3151 畳替え代,5.6,%
前年同月比,2026年6月,全国,3176 水道工事費,5.5,%
前年同月比,2026年6月,全国,3175 塀工事費,6.0,%
前年同月比,2026年6月,全国,3178 外壁塗装費,6.2,%
前年同月比,2026年6月,全国,3162 屋根修理費,5.2,%
前年同月比,2026年6月,全国,3174 植木職手間代,3.2,%
前年同月比,2026年6月,全国,3171 ふすま張替費,5.4,%
前年同月比,2026年6月,全国,3172 大工手間代,3.0,%
前年同月比,2026年6月,全国,3179 駐車場工事費,5.3,%
前年同月比,2026年6月,全国,3185 壁紙張替費,3.4,%
前年同月比,2026年6月,全国,3180 火災・地震保険料,2.6,%
前年同月比,2026年6月,全国,0054 光熱・水道,0.0,%
前年同月比,2026年6月,全国,0056 電気代,-1.7,%
前年同月比,2026年6月,全国,3500 電気代,-1.7,%
前年同月比,2026年6月,全国,0057 ガス代,-0.7,%
前年同月比,2026年6月,全国,3600 都市ガス代,-3.4,%
前年同月比,2026年6月,全国,3612 プロパンガス,3.9,%
前年同月比,2026年6月,全国,0058 他の光熱,16.5,%
前年同月比,2026年6月,全国,3701 灯油,16.5,%
前年同月比,2026年6月,全国,0059 上下水道料,-0.6,%
前年同月比,2026年6月,全国,3810 水道料,-2.1,%
前年同月比,2026年6月,全国,4610 下水道料,1.6,%
前年同月比,2026年6月,全国,0060 家具・家事用品,2.4,%
前年同月比,2026年6月,全国,0061 家庭用耐久財,3.0,%
前年同月比,2026年6月,全国,0062 家事用耐久財,-0.4,%
前年同月比,2026年6月,全国,4003 電子レンジ,6.0,%
前年同月比,2026年6月,全国,4002 電気炊飯器,-2.4,%
前年同月比,2026年6月,全国,4011 ガステーブル,-2.0,%
前年同月比,2026年6月,全国,4021 電気冷蔵庫,-3.0,%
前年同月比,2026年6月,全国,4032 電気掃除機,-9.7,%
前年同月比,2026年6月,全国,4042 電気洗濯機（全自動洗濯機）,11.2,%
前年同月比,2026年6月,全国,4043 電気洗濯機（洗濯乾燥機）,0.8,%
前年同月比,2026年6月,全国,0063 冷暖房用器具,8.0,%
前年同月比,2026年6月,全国,4063 ルームエアコン,8.8,%
前年同月比,2026年6月,全国,4072 温風ヒーター,1.2,%
前年同月比,2026年6月,全国,4075 空気清浄機,5.4,%
前年同月比,2026年6月,全国,0064 一般家具,-0.4,%
前年同月比,2026年6月,全国,4092 食堂セット,-2.6,%
前年同月比,2026年6月,全国,4093 ソファ,0.4,%
前年同月比,2026年6月,全国,4083 食器戸棚,1.0,%
前年同月比,2026年6月,全国,0066 室内装備品,4.4,%
前年同月比,2026年6月,全国,4115 照明器具,10.2,%
前年同月比,2026年6月,全国,4121 カーペット,3.6,%
前年同月比,2026年6月,全国,4141 カーテン,0.1,%
前年同月比,2026年6月,全国,4142 クッション,2.7,%
前年同月比,2026年6月,全国,0070 寝具類,-1.7,%
前年同月比,2026年6月,全国,4201 ベッド,-2.0,%
前年同月比,2026年6月,全国,4211 布団,-1.6,%
前年同月比,2026年6月,全国,4251 敷布,0.0,%
前年同月比,2026年6月,全国,4271 布団カバー,0.8,%
前年同月比,2026年6月,全国,4272 敷きパッド,-2.8,%
前年同月比,2026年6月,全国,0073 家事雑貨,1.0,%
前年同月比,2026年6月,全国,0074 食器類,5.7,%
前年同月比,2026年6月,全国,4301 茶わん,3.3,%
前年同月比,2026年6月,全国,4302 皿,7.2,%
前年同月比,2026年6月,全国,0075 台所用品,0.8,%
前年同月比,2026年6月,全国,4326 水筒,-1.3,%
前年同月比,2026年6月,全国,4331 鍋,2.2,%
前年同月比,2026年6月,全国,4334 フライパン,0.5,%
前年同月比,2026年6月,全国,4342 スポンジたわし,1.0,%
前年同月比,2026年6月,全国,0076 他の家事雑貨,0.3,%
前年同月比,2026年6月,全国,4352 電球・ランプ,-5.0,%
前年同月比,2026年6月,全国,4361 タオル,-2.7,%
前年同月比,2026年6月,全国,4362 マット,-1.3,%
前年同月比,2026年6月,全国,4372 物干し用ハンガー,3.5,%
前年同月比,2026年6月,全国,4373 収納ケース,9.3,%
前年同月比,2026年6月,全国,0077 家事用消耗品,3.6,%
前年同月比,2026年6月,全国,0078 ティシュ・トイレットペーパー,0.1,%
前年同月比,2026年6月,全国,4412 ティシュペーパー,0.8,%
前年同月比,2026年6月,全国,4413 トイレットペーパー,-0.3,%
前年同月比,2026年6月,全国,0079 洗剤,8.1,%
前年同月比,2026年6月,全国,4431 台所用洗剤,-1.4,%
前年同月比,2026年6月,全国,4441 洗濯用洗剤,14.0,%
前年同月比,2026年6月,全国,0080 他の家事用消耗品,2.4,%
前年同月比,2026年6月,全国,4401 ラップ,-0.1,%
前年同月比,2026年6月,全国,4402 ポリ袋,0.9,%
前年同月比,2026年6月,全国,4451 殺虫剤,0.3,%
前年同月比,2026年6月,全国,4442 柔軟仕上剤,1.4,%
前年同月比,2026年6月,全国,4471 芳香・消臭剤,12.2,%
前年同月比,2026年6月,全国,4403 キッチンペーパー,2.3,%
前年同月比,2026年6月,全国,4472 漂白剤,1.2,%
前年同月比,2026年6月,全国,0081 家事サービス,0.4,%
前年同月比,2026年6月,全国,0174 家事代行料,0.8,%
前年同月比,2026年6月,全国,4501 家事代行料,0.8,%
前年同月比,2026年6月,全国,0175 清掃代,0.4,%
前年同月比,2026年6月,全国,4521 リサイクル料金,-4.0,%
前年同月比,2026年6月,全国,4515 浄化槽清掃代,2.1,%
前年同月比,2026年6月,全国,0176 他の家事サービス,0.0,%
前年同月比,2026年6月,全国,4701 モップレンタル料,0.0,%
前年同月比,2026年6月,全国,0082 被服及び履物,1.7,%
前年同月比,2026年6月,全国,0083 衣料,2.3,%
前年同月比,2026年6月,全国,0084 和服,0.0,%
前年同月比,2026年6月,全国,5011 婦人用着物,-0.3,%
前年同月比,2026年6月,全国,5041 婦人用帯,1.0,%
前年同月比,2026年6月,全国,0085 洋服,2.3,%
前年同月比,2026年6月,全国,0086 男子用洋服,1.3,%
前年同月比,2026年6月,全国,5101 背広服（春夏物，中級品）,5.1,%
前年同月比,2026年6月,全国,5103 背広服（春夏物，普通品）,-2.4,%
前年同月比,2026年6月,全国,5102 背広服（秋冬物，中級品）,5.7,%
前年同月比,2026年6月,全国,5104 背広服（秋冬物，普通品）,3.9,%
前年同月比,2026年6月,全国,5111 男子用上着,-0.5,%
前年同月比,2026年6月,全国,5122 男子用ズボン（春夏物）,-4.2,%
前年同月比,2026年6月,全国,5121 男子用ズボン（秋冬物）,1.8,%
前年同月比,2026年6月,全国,5123 男子用ズボン（ジーンズ）,6.7,%
前年同月比,2026年6月,全国,5131 男子用コート,2.7,%
前年同月比,2026年6月,全国,5141 男子用学校制服,-0.4,%
前年同月比,2026年6月,全国,0087 婦人用洋服,3.5,%
前年同月比,2026年6月,全国,5166 婦人用スーツ（春夏物，中級品）,1.1,%
前年同月比,2026年6月,全国,5167 婦人用スーツ（春夏物，普通品）,0.5,%
前年同月比,2026年6月,全国,5162 婦人用スーツ（秋冬物，中級品）,-2.0,%
前年同月比,2026年6月,全国,5168 婦人用スーツ（秋冬物，普通品）,4.7,%
前年同月比,2026年6月,全国,5161 ワンピース（春夏物）,6.4,%
前年同月比,2026年6月,全国,5163 ワンピース（秋冬物）,3.8,%
前年同月比,2026年6月,全国,5183 婦人用上着,-0.2,%
前年同月比,2026年6月,全国,5169 スカート（春夏物）,0.8,%
前年同月比,2026年6月,全国,5172 スカート（秋冬物）,3.4,%
前年同月比,2026年6月,全国,5181 婦人用スラックス（秋冬物）,6.1,%
前年同月比,2026年6月,全国,5179 婦人用スラックス（ジーンズ）,4.2,%
前年同月比,2026年6月,全国,5182 婦人用コート,6.0,%
前年同月比,2026年6月,全国,5184 女子用学校制服,1.0,%
前年同月比,2026年6月,全国,0088 子供用洋服,0.1,%
前年同月比,2026年6月,全国,5195 子供用ズボン（春夏物）,0.6,%
前年同月比,2026年6月,全国,5196 子供用ズボン（秋冬物）,0.0,%
前年同月比,2026年6月,全国,5193 乳児服,-1.4,%
前年同月比,2026年6月,全国,0089 シャツ・セーター・下着類,0.6,%
前年同月比,2026年6月,全国,0090 シャツ・セーター類,1.3,%
前年同月比,2026年6月,全国,0091 男子用シャツ・セーター類,1.0,%
前年同月比,2026年6月,全国,5202 ワイシャツ,-0.7,%
前年同月比,2026年6月,全国,5211 男子用スポーツシャツ（長袖）,-0.5,%
前年同月比,2026年6月,全国,5212 男子用スポーツシャツ（半袖）,2.3,%
前年同月比,2026年6月,全国,5221 男子用セーター,1.6,%
前年同月比,2026年6月,全国,0092 婦人用シャツ・セーター類,1.9,%
前年同月比,2026年6月,全国,5231 ブラウス（長袖）,-1.4,%
前年同月比,2026年6月,全国,5232 ブラウス（半袖）,-2.1,%
前年同月比,2026年6月,全国,5233 婦人用Ｔシャツ（長袖）,4.1,%
前年同月比,2026年6月,全国,5234 婦人用Ｔシャツ（半袖）,1.3,%
前年同月比,2026年6月,全国,5241 婦人用セーター（長袖）,4.2,%
前年同月比,2026年6月,全国,5242 婦人用セーター（半袖）,-0.3,%
前年同月比,2026年6月,全国,0093 子供用シャツ・セーター類,-1.2,%
前年同月比,2026年6月,全国,5243 子供用Ｔシャツ（長袖）,-0.3,%
前年同月比,2026年6月,全国,5244 子供用Ｔシャツ（半袖）,-2.1,%
前年同月比,2026年6月,全国,0094 下着類,-0.8,%
前年同月比,2026年6月,全国,0095 男子用下着類,-0.4,%
前年同月比,2026年6月,全国,5301 男子用シャツ（半袖）,-1.6,%
前年同月比,2026年6月,全国,5311 男子用パンツ,0.6,%
前年同月比,2026年6月,全国,5331 男子用パジャマ,1.5,%
前年同月比,2026年6月,全国,0096 婦人用下着類,-1.1,%
前年同月比,2026年6月,全国,5341 ブラジャー,-0.1,%
前年同月比,2026年6月,全国,5351 婦人用ショーツ,0.1,%
前年同月比,2026年6月,全国,5361 ランジェリー,-2.5,%
前年同月比,2026年6月,全国,0097 子供用下着類,-0.8,%
前年同月比,2026年6月,全国,5372 子供用下着,-0.8,%
前年同月比,2026年6月,全国,0098 履物類,1.1,%
前年同月比,2026年6月,全国,5601 男子靴,2.0,%
前年同月比,2026年6月,全国,5611 婦人靴,0.9,%
前年同月比,2026年6月,全国,5641 子供靴,3.3,%
前年同月比,2026年6月,全国,5631 運動靴,-1.3,%
前年同月比,2026年6月,全国,5671 サンダル,3.2,%
前年同月比,2026年6月,全国,5652 スリッパ,0.0,%
前年同月比,2026年6月,全国,0103 他の被服,1.5,%
前年同月比,2026年6月,全国,5501 帽子,4.1,%
前年同月比,2026年6月,全国,5511 ネクタイ,0.3,%
前年同月比,2026年6月,全国,5572 マフラー,3.7,%
前年同月比,2026年6月,全国,5521 男子用靴下,0.4,%
前年同月比,2026年6月,全国,5531 婦人用ストッキング,-0.2,%
前年同月比,2026年6月,全国,5541 婦人用ソックス,0.6,%
前年同月比,2026年6月,全国,5571 ベルト,1.0,%
前年同月比,2026年6月,全国,0106 被服関連サービス,4.2,%
前年同月比,2026年6月,全国,5711 クリーニング代Ａ,4.2,%
前年同月比,2026年6月,全国,5712 クリーニング代Ｂ,5.7,%
前年同月比,2026年6月,全国,5721 履物修理代,3.2,%
前年同月比,2026年6月,全国,5731 被服賃借料,1.9,%
前年同月比,2026年6月,全国,0107 保健医療,1.3,%
前年同月比,2026年6月,全国,0108 医薬品・健康保持用摂取品,2.4,%
前年同月比,2026年6月,全国,6001 総合かぜ薬,1.6,%
前年同月比,2026年6月,全国,6002 解熱鎮痛剤,8.4,%
前年同月比,2026年6月,全国,6012 胃腸薬,10.6,%
前年同月比,2026年6月,全国,6021 ビタミン剤Ａ,7.9,%
前年同月比,2026年6月,全国,6022 ビタミン剤Ｂ,-0.2,%
前年同月比,2026年6月,全国,6031 ドリンク剤,-0.8,%
前年同月比,2026年6月,全国,6051 皮膚病薬,24.3,%
前年同月比,2026年6月,全国,6061 はり薬,5.7,%
前年同月比,2026年6月,全国,6062 目薬,1.7,%
前年同月比,2026年6月,全国,6091 漢方薬,-1.5,%
前年同月比,2026年6月,全国,6003 鼻炎薬,0.0,%
前年同月比,2026年6月,全国,6090 健康保持用摂取品Ａ,-2.9,%
前年同月比,2026年6月,全国,6094 健康保持用摂取品Ｂ,0.0,%
前年同月比,2026年6月,全国,0109 保健医療用品・器具,-0.8,%
前年同月比,2026年6月,全国,6141 紙おむつ（乳幼児用）,0.2,%
前年同月比,2026年6月,全国,6142 紙おむつ（大人用）,-1.6,%
前年同月比,2026年6月,全国,6101 生理用ナプキン,-0.5,%
前年同月比,2026年6月,全国,6095 入浴剤,0.2,%
前年同月比,2026年6月,全国,6181 コンタクトレンズ用剤,0.4,%
前年同月比,2026年6月,全国,6102 マスク,-8.4,%
前年同月比,2026年6月,全国,6182 軽度失禁用品,5.3,%
前年同月比,2026年6月,全国,6121 眼鏡,4.3,%
前年同月比,2026年6月,全国,6161 コンタクトレンズ,2.1,%
前年同月比,2026年6月,全国,6171 血圧計,-2.3,%
前年同月比,2026年6月,全国,6172 補聴器,0.0,%
前年同月比,2026年6月,全国,6173 サポーター,0.4,%
前年同月比,2026年6月,全国,0110 保健医療サービス,1.5,%
前年同月比,2026年6月,全国,6200 診療代,1.7,%
前年同月比,2026年6月,全国,6221 マッサージ料金,0.2,%
前年同月比,2026年6月,全国,6222 人間ドック受診料,1.1,%
前年同月比,2026年6月,全国,6223 予防接種料,0.4,%
前年同月比,2026年6月,全国,0111 交通・通信,2.4,%
前年同月比,2026年6月,全国,0112 交通,2.4,%
前年同月比,2026年6月,全国,0179 鉄道運賃（ＪＲ）,4.4,%
前年同月比,2026年6月,全国,7527 普通運賃（ＪＲ）,4.1,%
前年同月比,2026年6月,全国,7528 料金（ＪＲ，在来線）,0.0,%
前年同月比,2026年6月,全国,7530 料金（ＪＲ，新幹線）,0.0,%
前年同月比,2026年6月,全国,7029 通学定期（ＪＲ）,2.5,%
前年同月比,2026年6月,全国,7030 通勤定期（ＪＲ）,10.2,%
前年同月比,2026年6月,全国,0180 鉄道運賃（ＪＲ以外）,1.5,%
前年同月比,2026年6月,全国,7008 普通運賃（ＪＲ以外）,1.2,%
前年同月比,2026年6月,全国,7009 通学定期（ＪＲ以外）,-0.2,%
前年同月比,2026年6月,全国,7010 通勤定期（ＪＲ以外）,2.1,%
前年同月比,2026年6月,全国,0181 他の交通,2.4,%
前年同月比,2026年6月,全国,7050 一般路線バス代,2.3,%
前年同月比,2026年6月,全国,7057 高速バス代,2.1,%
前年同月比,2026年6月,全国,7060 タクシー代,8.3,%
前年同月比,2026年6月,全国,7070 航空運賃,-2.2,%
前年同月比,2026年6月,全国,0182 有料道路料,-0.3,%
前年同月比,2026年6月,全国,7363 高速自動車国道料金,-0.4,%
前年同月比,2026年6月,全国,7364 都市高速道路料金,0.0,%
前年同月比,2026年6月,全国,0113 自動車等関係費,1.9,%
前年同月比,2026年6月,全国,0114 自動車,0.8,%
前年同月比,2026年6月,全国,7105 軽乗用車,0.6,%
前年同月比,2026年6月,全国,7106 小型乗用車,0.3,%
前年同月比,2026年6月,全国,7113 普通乗用車Ａ,1.6,%
前年同月比,2026年6月,全国,7115 普通乗用車Ｂ,-0.6,%
前年同月比,2026年6月,全国,0115 自転車,0.4,%
前年同月比,2026年6月,全国,7201 自転車Ａ,1.7,%
前年同月比,2026年6月,全国,7202 自転車Ｂ,-1.5,%
前年同月比,2026年6月,全国,0116 自動車等維持,2.3,%
前年同月比,2026年6月,全国,7301 ガソリン,-0.7,%
前年同月比,2026年6月,全国,7311 自動車タイヤ,1.0,%
前年同月比,2026年6月,全国,7312 自動車バッテリー,0.0,%
前年同月比,2026年6月,全国,7313 カーナビゲーション,12.6,%
前年同月比,2026年6月,全国,7315 ドライブレコーダー,1.0,%
前年同月比,2026年6月,全国,7331 自動車整備費（定期点検）,2.8,%
前年同月比,2026年6月,全国,7335 自動車整備費（パンク修理）,5.0,%
前年同月比,2026年6月,全国,7341 自動車オイル交換料,9.4,%
前年同月比,2026年6月,全国,7342 車庫借料,0.6,%
前年同月比,2026年6月,全国,7343 駐車料金,1.7,%
前年同月比,2026年6月,全国,7351 自動車免許手数料,0.0,%
前年同月比,2026年6月,全国,7344 レンタカー料金,-1.2,%
前年同月比,2026年6月,全国,7347 洗車代,5.5,%
前年同月比,2026年6月,全国,7350 ロードサービス料,0.0,%
前年同月比,2026年6月,全国,7370 自動車保険料（自賠責）,0.0,%
前年同月比,2026年6月,全国,7390 自動車保険料（任意）,5.3,%
前年同月比,2026年6月,全国,0117 通信,3.8,%
前年同月比,2026年6月,全国,7401 はがき,0.0,%
前年同月比,2026年6月,全国,7402 封書,0.0,%
前年同月比,2026年6月,全国,7410 通信料（固定電話）,3.9,%
前年同月比,2026年6月,全国,7430 通信料（携帯電話）,4.6,%
前年同月比,2026年6月,全国,7433 運送料,-3.6,%
前年同月比,2026年6月,全国,7446 携帯電話機,4.2,%
前年同月比,2026年6月,全国,0118 教育,-6.0,%
前年同月比,2026年6月,全国,0119 授業料等,-10.6,%
前年同月比,2026年6月,全国,8001 ＰＴＡ会費（小学校）,-1.6,%
前年同月比,2026年6月,全国,8002 ＰＴＡ会費（中学校）,-4.2,%
前年同月比,2026年6月,全国,8010 中学校授業料（私立）,1.9,%
前年同月比,2026年6月,全国,8020 高等学校授業料（公立）,0.6,%
前年同月比,2026年6月,全国,8030 高等学校授業料（私立）,-68.8,%
前年同月比,2026年6月,全国,8040 大学授業料（国立）,0.8,%
前年同月比,2026年6月,全国,8060 大学授業料（私立）,1.0,%
前年同月比,2026年6月,全国,8070 短期大学授業料（私立）,0.7,%
前年同月比,2026年6月,全国,8077 専修学校授業料（私立）,0.2,%
前年同月比,2026年6月,全国,0120 教科書・学習参考教材,2.6,%
前年同月比,2026年6月,全国,8110 教科書,1.5,%
前年同月比,2026年6月,全国,8100 学習参考教材,3.6,%
前年同月比,2026年6月,全国,0121 補習教育,2.5,%
前年同月比,2026年6月,全国,8203 補習教育（小学校）,2.3,%
前年同月比,2026年6月,全国,8201 補習教育（中学校）,1.6,%
前年同月比,2026年6月,全国,8204 補習教育（高校・予備校）,3.7,%
前年同月比,2026年6月,全国,0122 教養娯楽,1.5,%
前年同月比,2026年6月,全国,0123 教養娯楽用耐久財,-1.1,%
前年同月比,2026年6月,全国,9013 テレビ,3.7,%
前年同月比,2026年6月,全国,9034 ビデオレコーダー,12.5,%
前年同月比,2026年6月,全国,9078 パソコン（デスクトップ型）,-5.7,%
前年同月比,2026年6月,全国,9079 パソコン（ノート型）,-5.2,%
前年同月比,2026年6月,全国,9080 タブレット端末,2.8,%
前年同月比,2026年6月,全国,9081 プリンタ,-6.4,%
前年同月比,2026年6月,全国,9043 カメラ,-0.9,%
前年同月比,2026年6月,全国,9051 ピアノ,-12.8,%
前年同月比,2026年6月,全国,9061 学習用机,1.2,%
前年同月比,2026年6月,全国,0128 教養娯楽用品,1.9,%
前年同月比,2026年6月,全国,0129 文房具,4.9,%
前年同月比,2026年6月,全国,9111 ボールペン,8.8,%
前年同月比,2026年6月,全国,9121 ノートブック,1.7,%
前年同月比,2026年6月,全国,9129 はさみ,8.0,%
前年同月比,2026年6月,全国,0130 運動用具類,3.8,%
前年同月比,2026年6月,全国,9142 ゴルフクラブ,11.5,%
前年同月比,2026年6月,全国,9141 グローブ,-3.2,%
前年同月比,2026年6月,全国,9143 テニスラケット,1.5,%
前年同月比,2026年6月,全国,9144 釣ざお,5.7,%
前年同月比,2026年6月,全国,9145 トレーニングパンツ,0.2,%
前年同月比,2026年6月,全国,9149 水着,4.4,%
前年同月比,2026年6月,全国,9140 競技用靴,3.8,%
前年同月比,2026年6月,全国,0131 玩具,4.6,%
前年同月比,2026年6月,全国,9154 家庭用ゲーム機,10.8,%
前年同月比,2026年6月,全国,9156 ゲームソフト,0.1,%
前年同月比,2026年6月,全国,9151 人形,1.4,%
前年同月比,2026年6月,全国,9152 玩具自動車,1.8,%
前年同月比,2026年6月,全国,9153 組立玩具,7.8,%
前年同月比,2026年6月,全国,0132 切り花,2.7,%
前年同月比,2026年6月,全国,9181 切り花（カーネーション）,3.2,%
前年同月比,2026年6月,全国,9182 切り花（きく）,2.4,%
前年同月比,2026年6月,全国,9183 切り花（バラ）,3.1,%
前年同月比,2026年6月,全国,0133 他の教養娯楽用品,-0.5,%
前年同月比,2026年6月,全国,9199 メモリーカード,29.2,%
前年同月比,2026年6月,全国,9172 コンパクトディスク,1.4,%
前年同月比,2026年6月,全国,9174 ビデオソフト,0.2,%
前年同月比,2026年6月,全国,9193 ペットフード（ドッグフード）,-4.2,%
前年同月比,2026年6月,全国,9196 ペットフード（キャットフード）,-2.6,%
前年同月比,2026年6月,全国,9185 ペットトイレ用品,-0.4,%
前年同月比,2026年6月,全国,9184 鉢植え,4.9,%
前年同月比,2026年6月,全国,9190 園芸用土,1.4,%
前年同月比,2026年6月,全国,9189 園芸用肥料,-5.0,%
前年同月比,2026年6月,全国,9195 電池,-2.4,%
前年同月比,2026年6月,全国,9128 プリンタ用インク,0.2,%
前年同月比,2026年6月,全国,0134 書籍・他の印刷物,1.9,%
前年同月比,2026年6月,全国,0135 新聞代,0.5,%
前年同月比,2026年6月,全国,9204 新聞代（地方・ブロック紙）,1.1,%
前年同月比,2026年6月,全国,9205 新聞代（全国紙）,0.0,%
前年同月比,2026年6月,全国,0136 雑誌,5.7,%
前年同月比,2026年6月,全国,9226 月刊誌,5.7,%
前年同月比,2026年6月,全国,9230 週刊誌,6.0,%
前年同月比,2026年6月,全国,0137 書籍,4.9,%
前年同月比,2026年6月,全国,9261 単行本Ａ,2.0,%
前年同月比,2026年6月,全国,9263 単行本Ｂ,6.9,%
前年同月比,2026年6月,全国,0138 教養娯楽サービス,1.7,%
前年同月比,2026年6月,全国,0139 宿泊料,3.1,%
前年同月比,2026年6月,全国,9300 宿泊料,3.1,%
前年同月比,2026年6月,全国,0177 パック旅行費,2.1,%
前年同月比,2026年6月,全国,9305 外国パック旅行費,2.1,%
前年同月比,2026年6月,全国,0140 月謝類,2.1,%
前年同月比,2026年6月,全国,9328 講習料（英会話）,3.4,%
前年同月比,2026年6月,全国,9329 講習料（書道）,1.7,%
前年同月比,2026年6月,全国,9326 講習料（音楽）,1.8,%
前年同月比,2026年6月,全国,9319 講習料（ダンス）,2.7,%
前年同月比,2026年6月,全国,9313 講習料（水泳）,2.1,%
前年同月比,2026年6月,全国,9343 講習料（体育）,1.5,%
前年同月比,2026年6月,全国,9320 自動車教習料,1.6,%
前年同月比,2026年6月,全国,0141 他の教養娯楽サービス,0.9,%
前年同月比,2026年6月,全国,0142 放送受信料,0.1,%
前年同月比,2026年6月,全国,9330 放送受信料（ＮＨＫ）,0.0,%
前年同月比,2026年6月,全国,9368 放送受信料（ケーブル）,0.2,%
前年同月比,2026年6月,全国,9367 放送受信料（ＮＨＫ・ケーブル以外）,0.0,%
前年同月比,2026年6月,全国,0143 入場・観覧・ゲーム代,2.0,%
前年同月比,2026年6月,全国,9341 映画観覧料,0.5,%
前年同月比,2026年6月,全国,9342 演劇観覧料,4.2,%
前年同月比,2026年6月,全国,9345 サッカー観覧料,0.0,%
前年同月比,2026年6月,全国,9350 プロ野球観覧料,0.6,%
前年同月比,2026年6月,全国,9353 ゴルフ練習料金,2.3,%
前年同月比,2026年6月,全国,9357 ゴルフプレー料金,-0.4,%
前年同月比,2026年6月,全国,9361 ボウリングゲーム代,2.9,%
前年同月比,2026年6月,全国,9359 プール使用料,2.7,%
前年同月比,2026年6月,全国,9362 フィットネスクラブ使用料,2.8,%
前年同月比,2026年6月,全国,9374 文化施設入場料,4.2,%
前年同月比,2026年6月,全国,9372 テーマパーク入場料,4.0,%
前年同月比,2026年6月,全国,9395 カラオケルーム使用料,5.2,%
前年同月比,2026年6月,全国,0144 他の娯楽サービス,0.6,%
前年同月比,2026年6月,全国,9381 写真撮影代,1.9,%
前年同月比,2026年6月,全国,9391 ビデオソフトレンタル料,7.5,%
前年同月比,2026年6月,全国,9397 インターネット接続料,0.0,%
前年同月比,2026年6月,全国,9403 ウェブコンテンツ利用料,0.5,%
前年同月比,2026年6月,全国,9396 獣医代,0.3,%
前年同月比,2026年6月,全国,9188 ペット美容院代,2.6,%
前年同月比,2026年6月,全国,0145 諸雑費,0.3,%
前年同月比,2026年6月,全国,0146 理美容サービス,1.3,%
前年同月比,2026年6月,全国,9504 入浴料,2.9,%
前年同月比,2026年6月,全国,9511 理髪料,1.2,%
前年同月比,2026年6月,全国,9521 パーマネント代,1.4,%
前年同月比,2026年6月,全国,9531 カット代,1.1,%
前年同月比,2026年6月,全国,9532 ヘアカラーリング代,1.1,%
前年同月比,2026年6月,全国,9505 エステティック料金,1.0,%
前年同月比,2026年6月,全国,0147 理美容用品,1.7,%
前年同月比,2026年6月,全国,0148 理容器具,0.4,%
前年同月比,2026年6月,全国,9602 電気かみそり,1.2,%
前年同月比,2026年6月,全国,9611 歯ブラシ,-0.4,%
前年同月比,2026年6月,全国,0149 石けん類,1.6,%
前年同月比,2026年6月,全国,9621 手洗い用石けん,2.0,%
前年同月比,2026年6月,全国,9626 ボディーソープ,8.0,%
前年同月比,2026年6月,全国,9627 洗顔料,2.3,%
前年同月比,2026年6月,全国,9628 クレンジング,8.8,%
前年同月比,2026年6月,全国,9622 シャンプー,-0.8,%
前年同月比,2026年6月,全国,9624 ヘアコンディショナー,-1.0,%
前年同月比,2026年6月,全国,9623 歯磨き,0.2,%
前年同月比,2026年6月,全国,0150 化粧品,2.0,%
前年同月比,2026年6月,全国,9631 整髪料,0.3,%
前年同月比,2026年6月,全国,9641 養毛剤,0.0,%
前年同月比,2026年6月,全国,9650 化粧クリームＡ,0.0,%
前年同月比,2026年6月,全国,9652 化粧クリームＢ,10.2,%
前年同月比,2026年6月,全国,9660 化粧水Ａ,3.8,%
前年同月比,2026年6月,全国,9661 化粧水Ｂ,11.1,%
前年同月比,2026年6月,全国,9690 乳液Ａ,3.4,%
前年同月比,2026年6月,全国,9692 乳液Ｂ,10.5,%
前年同月比,2026年6月,全国,9670 ファンデーションＡ,0.0,%
前年同月比,2026年6月,全国,9672 ファンデーションＢ,0.0,%
前年同月比,2026年6月,全国,9680 口紅Ａ,0.0,%
前年同月比,2026年6月,全国,9682 口紅Ｂ,0.6,%
前年同月比,2026年6月,全国,9625 ヘアカラーリング剤,-2.0,%
前年同月比,2026年6月,全国,9693 美容液,0.0,%
前年同月比,2026年6月,全国,0151 身の回り用品,3.7,%
前年同月比,2026年6月,全国,0152 かばん類,2.1,%
前年同月比,2026年6月,全国,9721 バッグＡ,2.2,%
前年同月比,2026年6月,全国,9722 バッグＢ,3.0,%
前年同月比,2026年6月,全国,9711 通学用かばん,-0.1,%
前年同月比,2026年6月,全国,9731 旅行用かばん,2.6,%
前年同月比,2026年6月,全国,0153 腕時計・指輪,10.4,%
前年同月比,2026年6月,全国,9741 指輪,26.1,%
前年同月比,2026年6月,全国,9751 腕時計,3.6,%
前年同月比,2026年6月,全国,0154 他の身の回り用品,2.0,%
前年同月比,2026年6月,全国,9701 傘,2.5,%
前年同月比,2026年6月,全国,9761 ハンカチーフ,0.9,%
前年同月比,2026年6月,全国,0155 たばこ,1.9,%
前年同月比,2026年6月,全国,9799 たばこ（国産品）,0.7,%
前年同月比,2026年6月,全国,9798 たばこ（輸入品）,3.1,%
前年同月比,2026年6月,全国,0156 他の諸雑費,-2.6,%
前年同月比,2026年6月,全国,9960 葬儀料,2.9,%
前年同月比,2026年6月,全国,9928 傷害保険料,0.6,%
前年同月比,2026年6月,全国,9921 保育所保育料,-17.2,%
前年同月比,2026年6月,全国,9951 学童保育料,1.0,%
前年同月比,2026年6月,全国,9914 介護料,2.3,%
前年同月比,2026年6月,全国,9901 行政証明書手数料,3.0,%
前年同月比,2026年6月,全国,9912 パスポート取得料,0.0,%
前年同月比,2026年6月,全国,9920 振込手数料,0.0,%
前年同月比,2026年6月,全国,9931 警備料,5.2,%
前年同月比,2026年6月,全国,0157 生鮮食品,3.7,%
前年同月比,2026年6月,全国,0158 生鮮魚介（再掲）,9.5,%
前年同月比,2026年6月,全国,0159 生鮮野菜（再掲）,2.6,%
前年同月比,2026年6月,全国,0160 生鮮果物（再掲）,-0.9,%
前年同月比,2026年6月,全国,0161 生鮮食品を除く総合,1.6,%
前年同月比,2026年6月,全国,0172 生鮮食品を除く食料,3.1,%
前年同月比,2026年6月,全国,0163 持家の帰属家賃を除く総合,1.9,%
前年同月比,2026年6月,全国,0164 持家の帰属家賃を除く住居,2.4,%
前年同月比,2026年6月,全国,0165 持家の帰属家賃を除く家賃,0.7,%
前年同月比,2026年6月,全国,0166 持家の帰属家賃及び生鮮食品を除く総合,1.8,%
前年同月比,2026年6月,全国,0167 エネルギー,-0.1,%
前年同月比,2026年6月,全国,0178 生鮮食品及びエネルギーを除く総合,1.7,%
前年同月比,2026年6月,全国,0168 食料（酒類を除く）及びエネルギーを除く総合,1.2,%
前年同月比,2026年6月,全国,0162 教育関係費,-8.3,%
前年同月比,2026年6月,全国,0173 教養娯楽関係費,1.4,%
前年同月比,2026年6月,全国,0169 情報通信関係費,2.4,%
前年同月比,2026年6月,全国,0201 総合,1.7,%
前年同月比,2026年6月,全国,0202 財,2.3,%
前年同月比,2026年6月,全国,0241 生鮮食品を除く財,2.1,%
前年同月比,2026年6月,全国,0203 農水畜産物,2.3,%
前年同月比,2026年6月,全国,0204 生鮮商品,4.2,%
前年同月比,2026年6月,全国,0205 他の農水畜産物,-8.7,%
前年同月比,2026年6月,全国,0206 米類,-8.7,%
前年同月比,2026年6月,全国,0207 工業製品,2.9,%
前年同月比,2026年6月,全国,0208 食料工業製品,4.1,%
前年同月比,2026年6月,全国,0211 繊維製品,0.7,%
前年同月比,2026年6月,全国,0214 石油製品,2.9,%
前年同月比,2026年6月,全国,0215 他の工業製品,2.1,%
前年同月比,2026年6月,全国,0218 電気・都市ガス・水道,-2.1,%
前年同月比,2026年6月,全国,0219 出版物,2.0,%
前年同月比,2026年6月,全国,0220 サービス,1.0,%
前年同月比,2026年6月,全国,0242 持家の帰属家賃を除くサービス,1.2,%
前年同月比,2026年6月,全国,0221 公共サービス,0.2,%
前年同月比,2026年6月,全国,0243 外食,-72.9,%
前年同月比,2026年6月,全国,0222 公営・都市再生機構・公社家賃,1.0,%
前年同月比,2026年6月,全国,0223 家事関連サービス,2.8,%
前年同月比,2026年6月,全国,0224 医療・福祉関連サービス,-1.5,%
前年同月比,2026年6月,全国,0225 運輸・通信関連サービス,2.2,%
前年同月比,2026年6月,全国,0226 教育関連サービス,0.8,%
前年同月比,2026年6月,全国,0227 教養娯楽関連サービス,0.2,%
前年同月比,2026年6月,全国,0228 一般サービス,1.2,%
前年同月比,2026年6月,全国,0229 外食,4.1,%
前年同月比,2026年6月,全国,0230 民営家賃,0.6,%
前年同月比,2026年6月,全国,0245 民営家賃（木造）,0.1,%
前年同月比,2026年6月,全国,0246 民営家賃（非木造）,0.8,%
前年同月比,2026年6月,全国,0231 持家の帰属家賃,0.4,%
前年同月比,2026年6月,全国,0247 持家の帰属家賃（木造）,0.2,%
前年同月比,2026年6月,全国,0248 持家の帰属家賃（非木造）,1.0,%
前年同月比,2026年6月,全国,0232 他のサービス,1.2,%
前年同月比,2026年6月,全国,0233 家事関連サービス,3.4,%
前年同月比,2026年6月,全国,0234 医療・福祉関連サービス,0.7,%
前年同月比,2026年6月,全国,0235 教育関連サービス,-6.6,%
前年同月比,2026年6月,全国,0236 通信・教養娯楽関連サービス,2.5,%
前年同月比,2026年6月,全国,0237 耐久消費財,1.8,%
前年同月比,2026年6月,全国,0238 半耐久消費財,2.2,%
前年同月比,2026年6月,全国,0239 非耐久消費財,2.4,%
前年同月比,2026年6月,全国,0240 公共料金,-0.5,%
